Date,Store,Weekly_Sales,Model_Pred
2012-01-06,1,1550369.92,1665324.5614879867
2012-01-13,1,1459601.17,1719045.932922596
2012-01-20,1,1394393.84,1532480.0586717008
2012-01-27,1,1319325.59,1491708.0452030727
2012-02-03,1,1636339.65,1439874.6786500462
2012-02-10,1,1802477.43,1847334.307270675
2012-02-17,1,1819870.0,1576329.1440739995
2012-02-24,1,1539387.83,1681685.0240369362
2012-03-02,1,1688420.76,1692760.9073595202
2012-03-09,1,1675431.16,1788836.1787418593
2012-03-16,1,1677472.78,1796043.5786743576
2012-03-23,1,1511068.07,1712629.9431975263
2012-03-30,1,1649604.63,1644283.6187210665
2012-04-06,1,1899676.88,1709616.3412626255
2012-04-13,1,1621031.7,1916127.0493153578
2012-04-20,1,1521577.87,1819460.9082888677
2012-04-27,1,1468928.37,1673520.1299177997
2012-05-04,1,1684519.99,1593501.2224063745
2012-05-11,1,1611096.05,1663955.0221619809
2012-05-18,1,1595901.87,1638557.1037106875
2012-05-25,1,1555444.55,1659139.9621610772
2012-06-01,1,1624477.58,1650548.711390567
2012-06-08,1,1697230.96,1673487.5764963592
2012-06-15,1,1630607.0,1693754.0473892463
2012-06-22,1,1527845.81,1677862.8819938528
2012-06-29,1,1540421.49,1650978.8542486378
2012-07-06,1,1769854.16,1627439.1483797668
2012-07-13,1,1527014.04,1672672.7322793393
2012-07-20,1,1497954.76,1649856.6615188736
2012-07-27,1,1439123.71,1625272.6740028996
2012-08-03,1,1631135.79,1616170.7986778233
2012-08-10,1,1592409.97,1600863.4428728404
2012-08-17,1,1597868.05,1606310.1171359583
2012-08-24,1,1494122.38,1595790.050593278
2012-08-31,1,1582083.4,1622517.559672787
2012-09-07,1,1661767.33,1756555.179245937
2012-09-14,1,1517428.87,1687864.2891276584
2012-09-21,1,1506126.06,1618226.5111485668
2012-09-28,1,1437059.26,1620380.866360593
2012-10-05,1,1670785.97,1566798.3919602865
2012-10-12,1,1573072.81,1632279.4929218823
2012-10-19,1,1508068.77,1623469.241493769
2012-10-26,1,1493659.74,1597067.2050544256
2012-01-06,2,1799520.14,2036821.479149536
2012-01-13,2,1744725.48,1923754.148061815
2012-01-20,2,1711769.11,1810278.7675411236
2012-01-27,2,1660906.14,1834324.8924862586
2012-02-03,2,1935299.94,1822708.7587115467
2012-02-10,2,2103322.68,2378851.2632005243
2012-02-17,2,2196688.46,2006149.078363882
2012-02-24,2,1861802.7,1860395.6434797398
2012-03-02,2,1952555.66,2025072.9718343772
2012-03-09,2,1937628.26,2033168.7312752209
2012-03-16,2,1976082.13,2040894.664407398
2012-03-23,2,1790439.16,1969289.921285096
2012-03-30,2,1857480.84,1924260.2635158196
2012-04-06,2,2129035.91,1935812.0298681024
2012-04-13,2,1935869.1,2056593.6014604333
2012-04-20,2,1847344.45,1971081.3145146393
2012-04-27,2,1764133.09,2006935.4736988405
2012-05-04,2,1923957.09,1901790.1251510389
2012-05-11,2,1917520.99,1953895.7671362355
2012-05-18,2,2000940.67,1943895.5185153305
2012-05-25,2,1912791.09,1942955.3802132662
2012-06-01,2,1910092.37,2028990.1982537287
2012-06-08,2,2010216.49,1977355.291555062
2012-06-15,2,1962924.3,2046953.9684966295
2012-06-22,2,1887733.21,2032802.0585882082
2012-06-29,2,1881046.12,2026458.962920538
2012-07-06,2,2041507.4,1967902.5120348642
2012-07-13,2,1830075.13,2023724.041395478
2012-07-20,2,1819666.46,1950886.7749822822
2012-07-27,2,1757923.88,1951960.7276726004
2012-08-03,2,1946104.64,1807260.9414866697
2012-08-10,2,1866719.96,1929084.6935382495
2012-08-17,2,1928016.01,1941704.0307869178
2012-08-24,2,1876788.15,1936087.6560332128
2012-08-31,2,1947083.3,1988865.8029776989
2012-09-07,2,1898777.07,2034131.6142915813
2012-09-14,2,1814806.63,1975116.208309043
2012-09-21,2,1829415.67,1941238.2996142455
2012-09-28,2,1746470.56,1950095.6492812473
2012-10-05,2,1998321.04,1792777.0938688219
2012-10-12,2,1900745.13,1941485.4330387404
2012-10-19,2,1847990.41,1951823.6006627646
2012-10-26,2,1834458.35,1939929.2876074063
2012-01-06,3,398178.21,454794.3058789718
2012-01-13,3,367438.62,444395.08091692795
2012-01-20,3,365818.61,455460.3800278264
2012-01-27,3,349518.1,433579.8974794458
2012-02-03,3,424960.66,399807.72517425637
2012-02-10,3,473292.47,384589.9910315142
2012-02-17,3,475591.08,453915.12210794433
2012-02-24,3,418925.47,462760.9970140218
2012-03-02,3,469752.56,471307.6249031369
2012-03-09,3,445162.05,477697.277291293
2012-03-16,3,411775.8,472639.71129921556
2012-03-23,3,413907.25,473130.0570071571
2012-03-30,3,407488.84,474893.9718987457
2012-04-06,3,503232.13,482727.0859463739
2012-04-13,3,420789.74,469483.2253899154
2012-04-20,3,434822.13,474072.0866960521
2012-04-27,3,394616.11,468139.3903543416
2012-05-04,3,439913.57,458352.88415752485
2012-05-11,3,431985.36,471580.45597235055
2012-05-18,3,418112.76,471543.34539469704
2012-05-25,3,413701.29,488124.3137071691
2012-06-01,3,432268.53,477385.8884874997
2012-06-08,3,446336.8,476161.090731412
2012-06-15,3,442074.79,460780.20423244685
2012-06-22,3,419497.95,454690.76473416307
2012-06-29,3,422965.33,477971.6847634602
2012-07-06,3,411206.5,479672.178098933
2012-07-13,3,416913.1,483660.3978142925
2012-07-20,3,432424.85,480754.73098176403
2012-07-27,3,389427.9,478233.86509835377
2012-08-03,3,419990.29,455511.97278397495
2012-08-10,3,391811.6,479742.64375538105
2012-08-17,3,394918.83,452451.4562481995
2012-08-24,3,412449.67,432021.33771676844
2012-08-31,3,408838.73,458490.2120483614
2012-09-07,3,408229.73,456218.41032964556
2012-09-14,3,407589.16,465566.8983244088
2012-09-21,3,414392.09,469612.71317860275
2012-09-28,3,389813.02,466767.23660032236
2012-10-05,3,443557.65,450979.6791241362
2012-10-12,3,410804.39,465754.53841596
2012-10-19,3,424513.08,478888.9855336356
2012-10-26,3,405432.7,484450.01694598724
2012-01-06,4,2047766.07,2343514.6754332944
2012-01-13,4,1941676.61,2611165.4957438824
2012-01-20,4,2005097.76,2191186.5460222946
2012-01-27,4,1928720.51,2060477.858432083
2012-02-03,4,2173373.91,2038690.3635747973
2012-02-10,4,2374660.64,2360088.0503625846
2012-02-17,4,2427640.17,2157116.764154532
2012-02-24,4,2226662.17,2421829.7725263066
2012-03-02,4,2206319.9,2380950.8931071404
2012-03-09,4,2202450.81,2359420.524326218
2012-03-16,4,2214967.44,2273088.4055437036
2012-03-23,4,2091592.54,2288481.4046902573
2012-03-30,4,2089381.77,2169210.320205225
2012-04-06,4,2470206.13,2168754.8896376933
2012-04-13,4,2105301.39,2289526.2181314663
2012-04-20,4,2144336.89,2200495.19563257
2012-04-27,4,2064065.66,2215900.323220411
2012-05-04,4,2196968.33,2182623.0912403343
2012-05-11,4,2127661.17,2107617.0131455855
2012-05-18,4,2207214.81,2121641.0377214286
2012-05-25,4,2154137.67,2144023.8999445825
2012-06-01,4,2179360.94,2137609.086044754
2012-06-08,4,2245257.18,2140037.518865136
2012-06-15,4,2234190.93,2239453.7467884156
2012-06-22,4,2197299.65,2244855.1211603717
2012-06-29,4,2128362.92,2226427.5502306563
2012-07-06,4,2224499.28,2182580.620843464
2012-07-13,4,2100252.61,2238353.1093502636
2012-07-20,4,2175563.69,2143983.178234266
2012-07-27,4,2048613.65,2147189.377988794
2012-08-03,4,2174514.13,2109324.0615179916
2012-08-10,4,2193367.69,2089667.5161906765
2012-08-17,4,2283540.3,2147161.336995601
2012-08-24,4,2125241.68,2149687.9696667325
2012-08-31,4,2081181.35,2155569.738182818
2012-09-07,4,2125104.72,2155218.6535856207
2012-09-14,4,2117854.6,2142727.717714811
2012-09-21,4,2119438.53,2062187.2336053627
2012-09-28,4,2027620.23,2060945.582752634
2012-10-05,4,2209835.43,2053382.5311413808
2012-10-12,4,2133026.07,2089833.0154552949
2012-10-19,4,2097266.85,2082994.7294447946
2012-10-26,4,2149594.46,2077726.1298163056
2012-01-06,5,312078.71,404146.96606632875
2012-01-13,5,291454.52,376491.3170554018
2012-01-20,5,287523.98,374241.9881565707
2012-01-27,5,295974.22,369809.97025169834
2012-02-03,5,333948.0,369512.16449193785
2012-02-10,5,349239.88,371111.7885483931
2012-02-17,5,356427.98,370564.554462783
2012-02-24,5,312220.47,376180.6216002733
2012-03-02,5,359206.21,368862.6469617215
2012-03-09,5,347295.6,371215.2544353871
2012-03-16,5,339392.54,373428.07470609195
2012-03-23,5,321299.99,367453.1671678924
2012-03-30,5,331318.73,367830.4327772966
2012-04-06,5,402985.7,369762.2324598001
2012-04-13,5,351832.03,360876.8382245778
2012-04-20,5,330063.06,361717.8949623409
2012-04-27,5,324839.74,364095.6822443171
2012-05-04,5,360932.69,393498.5927807148
2012-05-11,5,333870.52,371902.2724198874
2012-05-18,5,336189.66,367953.11070278677
2012-05-25,5,341994.48,368381.3906674656
2012-06-01,5,359867.8,369433.4365410565
2012-06-08,5,341704.59,367399.47146480775
2012-06-15,5,327383.64,366277.4658530221
2012-06-22,5,325041.68,366666.80775135575
2012-06-29,5,329658.1,373597.9338795119
2012-07-06,5,341214.43,399979.46489110304
2012-07-13,5,316203.64,397050.3102284526
2012-07-20,5,321205.12,395432.92283334665
2012-07-27,5,306827.36,396362.62935384066
2012-08-03,5,324195.17,402363.014664737
2012-08-10,5,306759.7,369062.1860646683
2012-08-17,5,314014.18,370925.0397167518
2012-08-24,5,320831.36,367383.0777430406
2012-08-31,5,344642.01,372400.2662413727
2012-09-07,5,350648.91,394745.9731175594
2012-09-14,5,299800.67,389612.7501917612
2012-09-21,5,307306.76,393652.29291672795
2012-09-28,5,310141.68,397624.64192242705
2012-10-05,5,343048.29,379493.11633022164
2012-10-12,5,325345.41,366002.25087000185
2012-10-19,5,313358.15,394815.09813750465
2012-10-26,5,319550.77,393929.2402553396
2012-01-06,6,1395339.71,1776285.961814129
2012-01-13,6,1344243.17,1395330.065794699
2012-01-20,6,1326255.7,1380009.3633111566
2012-01-27,6,1315610.66,1447692.8860623983
2012-02-03,6,1496305.78,1373253.133950033
2012-02-10,6,1620603.92,1799306.5259934608
2012-02-17,6,1632616.09,1588921.6144969559
2012-02-24,6,1465187.71,1607837.786422242
2012-03-02,6,1550385.65,1589729.1203545684
2012-03-09,6,1569304.4,1658755.4547182024
2012-03-16,6,1748010.29,1640369.9224155804
2012-03-23,6,1495143.62,1657068.1731501927
2012-03-30,6,1508933.26,1654145.1504614851
2012-04-06,6,1840131.19,1648483.2431981468
2012-04-13,6,1616394.45,1947756.4731408737
2012-04-20,6,1456073.24,1753285.452857835
2012-04-27,6,1456221.1,1613435.1381531071
2012-05-04,6,1543461.12,1607992.9446293714
2012-05-11,6,1517075.67,1616514.3896084172
2012-05-18,6,1513635.64,1602126.305868633
2012-05-25,6,1603793.42,1592595.9068309348
2012-06-01,6,1681121.38,1628542.8965553276
2012-06-08,6,1696619.52,1669206.7830690127
2012-06-15,6,1642247.48,1684504.673929848
2012-06-22,6,1618272.25,1709896.2651101875
2012-06-29,6,1648863.46,1703497.4307516469
2012-07-06,6,1876359.39,1716354.1388706206
2012-07-13,6,1588142.26,1744807.1991426786
2012-07-20,6,1574361.97,1682276.7404507322
2012-07-27,6,1513229.16,1664312.0398043904
2012-08-03,6,1627274.93,1661529.5378342709
2012-08-10,6,1588380.73,1639569.8252366781
2012-08-17,6,1543049.52,1627479.5310360373
2012-08-24,6,1501095.49,1646872.2566558453
2012-08-31,6,1577439.81,1602367.673656502
2012-09-07,6,1608077.01,1750416.807427682
2012-09-14,6,1375166.86,1624794.6728289174
2012-09-21,6,1425603.65,1471996.2721143144
2012-09-28,6,1369131.46,1504254.192054727
2012-10-05,6,1518177.71,1469766.4675928522
2012-10-12,6,1459396.84,1570682.9551365993
2012-10-19,6,1436883.99,1545601.7156151296
2012-10-26,6,1431426.34,1529171.044107756
2012-01-06,7,713117.66,836453.8883943995
2012-01-13,7,593875.46,822018.2688873092
2012-01-20,7,578002.85,603512.5453953595
2012-01-27,7,541037.98,602583.8452201423
2012-02-03,7,580453.32,585635.6968109203
2012-02-10,7,563460.77,631184.8838231163
2012-02-17,7,620908.18,596538.5181454251
2012-02-24,7,603041.14,593266.449306712
2012-03-02,7,551058.13,612723.5801553278
2012-03-09,7,579166.5,570797.9801124289
2012-03-16,7,669205.73,615788.497865944
2012-03-23,7,615997.29,642967.9088213583
2012-03-30,7,583322.2,619350.8553143099
2012-04-06,7,621425.98,599173.8141311628
2012-04-13,7,517420.23,657980.1296175712
2012-04-20,7,457340.06,562251.9921945997
2012-04-27,7,467827.75,500830.29077308445
2012-05-04,7,465198.89,502160.02758264303
2012-05-11,7,460397.41,487919.6848654369
2012-05-18,7,468428.3,487318.55324080907
2012-05-25,7,532739.77,487359.734437722
2012-06-01,7,598495.02,538853.2048866468
2012-06-08,7,642963.75,552919.615578686
2012-06-15,7,666942.02,563617.8810369301
2012-06-22,7,687344.68,640349.5588295266
2012-06-29,7,704335.41,654543.8236298364
2012-07-06,7,805642.61,709428.3272848934
2012-07-13,7,694150.89,753097.3094805845
2012-07-20,7,686345.69,717935.6411884846
2012-07-27,7,686365.4,709259.6463545593
2012-08-03,7,680954.81,741761.4848092761
2012-08-10,7,675926.3,687793.2915753776
2012-08-17,7,642450.4,666801.9002116513
2012-08-24,7,609099.37,650229.7138125174
2012-08-31,7,586467.16,648591.8239472278
2012-09-07,7,597876.55,636533.6201776826
2012-09-14,7,541120.2,672800.2560237173
2012-09-21,7,530842.25,580697.1603507353
2012-09-28,7,525545.76,536081.805154154
2012-10-05,7,505830.56,540055.3202199445
2012-10-12,7,503463.93,524354.7953530583
2012-10-19,7,516424.83,525476.5094343113
2012-10-26,7,495543.28,530592.8017107223
2012-01-06,8,872113.23,866784.5083961111
2012-01-13,8,817661.76,899928.4324697533
2012-01-20,8,813954.82,845511.5896929437
2012-01-27,8,778178.53,887599.651028722
2012-02-03,8,927610.69,868382.5694754735
2012-02-10,8,1021400.42,1010263.8597704506
2012-02-17,8,1096232.89,958989.0485393348
2012-02-24,8,928537.54,1006097.6246744827
2012-03-02,8,952264.91,950534.9803822642
2012-03-09,8,960115.56,997208.4298128997
2012-03-16,8,921178.39,993965.0642391554
2012-03-23,8,874223.25,931319.350606007
2012-03-30,8,905935.29,918803.968845144
2012-04-06,8,1046816.59,916506.8130652301
2012-04-13,8,909989.45,973914.3347375218
2012-04-20,8,872288.46,928046.798339291
2012-04-27,8,879448.25,910315.3826549153
2012-05-04,8,937232.09,931909.293695177
2012-05-11,8,920128.89,911567.9007445405
2012-05-18,8,913922.01,905610.9834345675
2012-05-25,8,895157.44,915611.0492926087
2012-06-01,8,921161.2,912733.4579437259
2012-06-08,8,928820.0,915075.2788832675
2012-06-15,8,916918.7,912104.020630201
2012-06-22,8,899449.65,910416.0716982731
2012-06-29,8,878298.22,918107.1168249462
2012-07-06,8,936205.5,901785.6002355686
2012-07-13,8,890488.01,911907.2451541855
2012-07-20,8,888834.07,898820.2183003747
2012-07-27,8,838227.52,902634.4102806224
2012-08-03,8,897076.73,884975.8999591239
2012-08-10,8,930745.69,895277.2198014569
2012-08-17,8,896613.19,901873.8757448988
2012-08-24,8,936373.65,901464.0071944271
2012-08-31,8,976137.73,917160.786723198
2012-09-07,8,932160.37,977643.6292417631
2012-09-14,8,883569.38,929902.6720156964
2012-09-21,8,857796.45,914942.7568718967
2012-09-28,8,884724.41,901927.5739587459
2012-10-05,8,976436.02,901429.1504490909
2012-10-12,8,927511.99,927639.731386644
2012-10-19,8,900309.75,914288.0837584712
2012-10-26,8,891671.44,912804.5418079807
2012-01-06,9,519585.67,621831.485538167
2012-01-13,9,474964.6,586484.7816361092
2012-01-20,9,480130.04,525808.3635285638
2012-01-27,9,482451.21,518675.192436136
2012-02-03,9,549967.89,508008.14072197647
2012-02-10,9,609736.12,537167.9742380524
2012-02-17,9,658965.05,561629.8150446987
2012-02-24,9,563578.79,625503.7598955765
2012-03-02,9,619498.28,647072.0631238337
2012-03-09,9,574955.95,643978.023253995
2012-03-16,9,550373.57,655641.1699815451
2012-03-23,9,550791.32,648742.1447933143
2012-03-30,9,574985.37,655475.3736116382
2012-04-06,9,677885.99,605782.3000567873
2012-04-13,9,578539.86,661726.5472779411
2012-04-20,9,542819.03,650915.4295971829
2012-04-27,9,550414.99,648677.255891901
2012-05-04,9,586289.08,651046.1439295984
2012-05-11,9,592572.3,604641.7834803096
2012-05-18,9,571463.93,603532.5560313021
2012-05-25,9,547226.0,653958.762389176
2012-06-01,9,583648.59,647315.9920488044
2012-06-08,9,582525.42,656657.3491499024
2012-06-15,9,564606.1,658709.4241403864
2012-06-22,9,562173.12,621876.4391439612
2012-06-29,9,544770.7,653205.3695950477
2012-07-06,9,578790.36,593037.6765240392
2012-07-13,9,536537.64,605270.4146486932
2012-07-20,9,513991.57,554167.7864012144
2012-07-27,9,495951.0,534569.0392338324
2012-08-03,9,533887.54,530410.9739496843
2012-08-10,9,538713.47,538854.1980811618
2012-08-17,9,535153.47,545262.5526779919
2012-08-24,9,572887.78,535623.9645168814
2012-08-31,9,576879.15,583634.6088491634
2012-09-07,9,565812.29,606007.5602340468
2012-09-14,9,523427.35,599333.2174972522
2012-09-21,9,533756.88,556491.3319563726
2012-09-28,9,516361.06,551037.8103780748
2012-10-05,9,606755.3,539218.5875673403
2012-10-12,9,558464.8,559388.7442088383
2012-10-19,9,542009.46,591432.6089772937
2012-10-26,9,549731.49,572834.9297811325
2012-01-06,10,1683401.78,2163077.7392126373
2012-01-13,10,1711562.73,1743433.8685490333
2012-01-20,10,1675562.94,1713462.7173585582
2012-01-27,10,1632406.0,1787284.6062295646
2012-02-03,10,1867403.01,1751664.6041159192
2012-02-10,10,2218595.8,2343483.2718083095
2012-02-17,10,2168709.76,1816991.1702487292
2012-02-24,10,2039415.74,1799187.9255870583
2012-03-02,10,1990371.02,2018999.0642847242
2012-03-09,10,1917483.1,2039379.5812836122
2012-03-16,10,1930814.66,1992145.7533783081
2012-03-23,10,1837457.69,1996875.9441601029
2012-03-30,10,1815760.42,1887849.7895534
2012-04-06,10,2163384.17,1866655.6430254695
2012-04-13,10,1974687.51,2013066.857737605
2012-04-20,10,1777166.53,2056962.4949516908
2012-04-27,10,1712987.56,1848585.4798153725
2012-05-04,10,1821364.42,1834947.6117592824
2012-05-11,10,1792345.3,1870677.7075557488
2012-05-18,10,1795152.73,1851303.1256511179
2012-05-25,10,1830939.1,1831468.5807342953
2012-06-01,10,1767471.48,1860019.4551366277
2012-06-08,10,1840491.41,1823094.682015432
2012-06-15,10,1811562.88,1851960.7662561152
2012-06-22,10,1755334.18,1853840.2627314343
2012-06-29,10,1707481.9,1813476.287400538
2012-07-06,10,1805999.79,1770401.6845526784
2012-07-13,10,1765571.91,1875358.324423663
2012-07-20,10,1869967.03,1814654.3775817102
2012-07-27,10,1817603.66,1879534.7772558413
2012-08-03,10,1939440.09,1881437.882719601
2012-08-10,10,1880436.94,1886279.5617380182
2012-08-17,10,1827797.4,1870644.1141777297
2012-08-24,10,1764984.15,1876093.9512321427
2012-08-31,10,1650285.54,1814187.8572545676
2012-09-07,10,1708283.28,1837563.2111120524
2012-09-14,10,1640168.99,1755226.3174545271
2012-09-21,10,1671857.57,1711935.7527340543
2012-09-28,10,1694862.41,1693659.646295973
2012-10-05,10,1758971.38,1710063.0819047552
2012-10-12,10,1713889.11,1697255.307746582
2012-10-19,10,1734834.82,1716078.4068531434
2012-10-26,10,1744349.05,1796760.98175601
2012-01-06,11,1283885.55,1400772.3068053818
2012-01-13,11,1264736.59,1304812.9979876033
2012-01-20,11,1207303.29,1308781.3067488892
2012-01-27,11,1162675.85,1313274.8561001932
2012-02-03,11,1376732.18,1256779.7414411404
2012-02-10,11,1574287.76,1541024.3953193447
2012-02-17,11,1569607.94,1362526.9362400386
2012-02-24,11,1379473.03,1475977.6612949532
2012-03-02,11,1438383.44,1482895.760844945
2012-03-09,11,1413382.76,1568912.2669259903
2012-03-16,11,1441884.28,1499909.65555746
2012-03-23,11,1300593.61,1507420.0158853182
2012-03-30,11,1300104.03,1428066.1098836851
2012-04-06,11,1596325.01,1420473.3100383407
2012-04-13,11,1472752.01,1558701.3483784515
2012-04-20,11,1315356.99,1532880.1736206638
2012-04-27,11,1236238.29,1462740.8878275522
2012-05-04,11,1370251.22,1334361.5431049394
2012-05-11,11,1300147.07,1398004.4597807762
2012-05-18,11,1352442.31,1338413.3079437206
2012-05-25,11,1297335.87,1332742.1689520578
2012-06-01,11,1361595.33,1350960.5496735666
2012-06-08,11,1414343.53,1368828.831544312
2012-06-15,11,1417875.42,1388920.2268935083
2012-06-22,11,1355680.3,1446395.0754999695
2012-06-29,11,1297028.6,1442382.7596957672
2012-07-06,11,1461129.94,1415134.7225541964
2012-07-13,11,1320239.51,1491408.9098037123
2012-07-20,11,1344483.81,1395171.4523500144
2012-07-27,11,1272395.02,1388583.882930188
2012-08-03,11,1399341.07,1336887.2550794517
2012-08-10,11,1388973.65,1369858.312268342
2012-08-17,11,1421307.2,1387720.1039859694
2012-08-24,11,1409515.73,1444669.5197720162
2012-08-31,11,1372872.35,1454483.8757969846
2012-09-07,11,1304584.4,1583615.7717537712
2012-09-14,11,1267675.05,1424637.8831658948
2012-09-21,11,1326132.98,1335258.4992300062
2012-09-28,11,1227430.73,1365036.2882232266
2012-10-05,11,1422794.26,1310993.3200762758
2012-10-12,11,1311965.09,1351471.204217092
2012-10-19,11,1232073.18,1366506.3294578893
2012-10-26,11,1200729.45,1298397.1340006285
2012-01-06,12,945823.65,1270487.9306571418
2012-01-13,12,865467.86,913319.1899468892
2012-01-20,12,855922.64,879621.4586027664
2012-01-27,12,888203.69,917847.9588353871
2012-02-03,12,1058767.95,925396.4040421108
2012-02-10,12,1199330.85,1085628.5542354195
2012-02-17,12,1240048.85,955072.1161240431
2012-02-24,12,1112034.72,1080193.3163747806
2012-03-02,12,1147636.96,1179589.0871171632
2012-03-09,12,1113208.57,1203983.3986264162
2012-03-16,12,1088498.52,1225728.6762033694
2012-03-23,12,1045419.87,1135775.919055344
2012-03-30,12,1025382.22,1102946.408956337
2012-04-06,12,1128765.71,1146262.0172768796
2012-04-13,12,1083811.19,1173198.6969767828
2012-04-20,12,1006486.96,1104361.0876193761
2012-04-27,12,1004252.38,1049130.2877594915
2012-05-04,12,1073433.69,1036168.1363400893
2012-05-11,12,1041995.22,1049364.9704545618
2012-05-18,12,1020486.05,1013104.766467556
2012-05-25,12,991514.21,1013372.916860402
2012-06-01,12,981345.2,1007581.9654839404
2012-06-08,12,1086231.47,1005318.2158237163
2012-06-15,12,1019555.51,1008269.4586873311
2012-06-22,12,981386.25,999826.1936385498
2012-06-29,12,943124.74,998955.3862693635
2012-07-06,12,1014898.78,974595.2876140769
2012-07-13,12,960312.75,1012200.0650187075
2012-07-20,12,941550.34,986710.9761475603
2012-07-27,12,916967.92,961803.5889113975
2012-08-03,12,958667.23,933886.6889012685
2012-08-10,12,984689.9,963655.2740901627
2012-08-17,12,1005003.12,981330.5502057385
2012-08-24,12,1048101.39,993947.9476700916
2012-08-31,12,1061943.49,1000338.1446129348
2012-09-07,12,955146.04,1018113.5557067064
2012-09-14,12,885892.37,983600.6109362765
2012-09-21,12,922735.37,924346.5353791222
2012-09-28,12,880415.67,947005.8670896341
2012-10-05,12,979825.92,922888.8393899514
2012-10-12,12,934917.47,951527.9420659835
2012-10-19,12,960945.43,939735.1630864147
2012-10-26,12,974697.6,956711.974742186
2012-01-06,13,1865752.78,2338900.7501348075
2012-01-13,13,1794962.64,1904932.5627951631
2012-01-20,13,1811606.21,1885332.136071604
2012-01-27,13,1733983.09,1956514.155769252
2012-02-03,13,1927780.74,1848029.3037974644
2012-02-10,13,2069284.57,2195574.28522489
2012-02-17,13,2214477.06,1989847.5028929922
2012-02-24,13,1929768.03,2089661.8940836794
2012-03-02,13,1969742.76,2053603.2775825635
2012-03-09,13,1986445.65,2087644.3478541526
2012-03-16,13,2025582.62,2025389.4797769221
2012-03-23,13,1904421.74,2041291.016174439
2012-03-30,13,1948982.7,1997294.8149479607
2012-04-06,13,2271614.76,2023306.2757632828
2012-04-13,13,2057637.86,2027116.7845331896
2012-04-20,13,1955689.12,2085666.3382266185
2012-04-27,13,1970121.65,2030501.5679647462
2012-05-04,13,1995994.51,2036440.4279084208
2012-05-11,13,2080764.17,2016573.8370655188
2012-05-18,13,2131900.55,2016311.9567330813
2012-05-25,13,2043349.41,2026179.9884473071
2012-06-01,13,2035431.39,2023918.065149552
2012-06-08,13,2182437.9,2028902.5367650334
2012-06-15,13,2152229.11,2052157.6200770286
2012-06-22,13,2094373.0,2053599.3484680138
2012-06-29,13,2037663.71,2075046.717779885
2012-07-06,13,2184980.35,2077718.6006050399
2012-07-13,13,2002750.99,2087697.6063454761
2012-07-20,13,2053089.32,2032764.096405261
2012-07-27,13,1914430.53,2037671.8491237229
2012-08-03,13,2044148.23,2005252.7211542958
2012-08-10,13,2041019.92,2024730.055046765
2012-08-17,13,2095769.18,2027946.4874652578
2012-08-24,13,2059458.25,2025118.521805879
2012-08-31,13,2073855.42,2036736.4730856868
2012-09-07,13,2165796.31,2062379.867471399
2012-09-14,13,1919917.03,2056573.1897032238
2012-09-21,13,1938379.66,2014463.3450695837
2012-09-28,13,1927664.11,2009033.9754654234
2012-10-05,13,2041918.74,2008808.7478205431
2012-10-12,13,1999079.44,2013692.0623623498
2012-10-19,13,2018010.15,2023171.908027255
2012-10-26,13,2035189.66,2040628.5409024975
2012-01-06,14,1859144.96,2077922.498398802
2012-01-13,14,1696248.27,1917506.547864747
2012-01-20,14,1789113.32,1744141.1967905087
2012-01-27,14,1595362.27,1897039.870634734
2012-02-03,14,1877410.36,1729060.5495554158
2012-02-10,14,2077256.24,2098157.3624007544
2012-02-17,14,2020550.99,1966709.8583164227
2012-02-24,14,1875040.16,1837874.456011831
2012-03-02,14,1926004.99,1993604.6527953595
2012-03-09,14,2020839.31,2005820.278213841
2012-03-16,14,1941040.5,2010087.354013046
2012-03-23,14,1893447.71,1992225.467377458
2012-03-30,14,1905033.01,1975567.0456356076
2012-04-06,14,2376022.26,1997761.3218977433
2012-04-13,14,1912909.69,2030718.2068750325
2012-04-20,14,1875686.44,2100179.8742125942
2012-04-27,14,1784029.95,1984958.2045491273
2012-05-04,14,1949354.29,1942626.6182612993
2012-05-11,14,1987531.05,1879594.4805754062
2012-05-18,14,1932233.17,1892408.399321664
2012-05-25,14,2030869.61,1902565.733926893
2012-06-01,14,2049485.49,2003124.467022682
2012-06-08,14,2099615.88,2001216.1817427701
2012-06-15,14,1905733.68,2010478.2642028958
2012-06-22,14,1660228.88,1980077.1679085046
2012-06-29,14,1591835.02,1808363.071583938
2012-07-06,14,1862128.95,1683002.6664694773
2012-07-13,14,1544422.35,1875903.4865542983
2012-07-20,14,1553250.16,1673194.7702251098
2012-07-27,14,1479514.66,1657940.2036434815
2012-08-03,14,1656886.46,1661186.5973334387
2012-08-10,14,1648570.03,1536702.812872427
2012-08-17,14,1660433.3,1617326.6444324309
2012-08-24,14,1621841.33,1637855.769732533
2012-08-31,14,1613342.19,1668921.9718392808
2012-09-07,14,1904512.34,1683789.7093133545
2012-09-14,14,1554794.22,1714230.7172265192
2012-09-21,14,1565352.46,1686103.3481710542
2012-09-28,14,1522512.2,1674119.7914260528
2012-10-05,14,1687592.16,1689278.3442404317
2012-10-12,14,1639585.61,1618432.859631384
2012-10-19,14,1590274.72,1635021.9459391872
2012-10-26,14,1704357.62,1628115.4204746017
2012-01-06,15,516087.65,615517.8144088862
2012-01-13,15,454183.42,529371.2700065621
2012-01-20,15,492721.85,480246.1008903249
2012-01-27,15,466045.63,517581.91548000096
2012-02-03,15,523831.64,492020.48098987265
2012-02-10,15,628218.22,583230.1732093564
2012-02-17,15,598502.83,579211.13942508
2012-02-24,15,561137.06,575760.9614783652
2012-03-02,15,541292.64,571261.0387371258
2012-03-09,15,545120.67,572540.7195039375
2012-03-16,15,570611.23,575806.6222190668
2012-03-23,15,565481.88,567159.3999407282
2012-03-30,15,557547.25,568070.8120326978
2012-04-06,15,659950.36,560063.4694469036
2012-04-13,15,558585.13,611873.747974937
2012-04-20,15,534780.57,567440.9142327325
2012-04-27,15,527402.62,547945.40581871
2012-05-04,15,577868.38,559106.4903584658
2012-05-11,15,579539.95,562320.6089801671
2012-05-18,15,600050.98,560577.4800178821
2012-05-25,15,693780.42,579992.9321620982
2012-06-01,15,663971.26,624940.6017342187
2012-06-08,15,611390.67,634690.7655586244
2012-06-15,15,636737.65,627547.842229782
2012-06-22,15,687085.6,645180.5034566744
2012-06-29,15,624099.48,679147.1952912366
2012-07-06,15,678024.75,632713.487360531
2012-07-13,15,591335.5,664675.2894223182
2012-07-20,15,592369.22,609904.3531820914
2012-07-27,15,571190.83,612303.3055812177
2012-08-03,15,590739.62,595849.3763494758
2012-08-10,15,590453.63,595751.6268013071
2012-08-17,15,579738.2,591692.9098541064
2012-08-24,15,606210.77,578901.281057387
2012-08-31,15,610185.32,606539.642624265
2012-09-07,15,587259.82,683845.6102721959
2012-09-14,15,527509.76,584444.5083262754
2012-09-21,15,533161.64,562334.9157808746
2012-09-28,15,553901.97,558817.7026016623
2012-10-05,15,573498.64,559873.0118649895
2012-10-12,15,551799.63,570850.4356091345
2012-10-19,15,555652.77,553974.162714088
2012-10-26,15,558473.6,556485.803643174
2012-01-06,16,564538.07,731826.8627475494
2012-01-13,16,508520.09,567803.2514638103
2012-01-20,16,474389.75,524742.7864642838
2012-01-27,16,453979.19,506881.8671203937
2012-02-03,16,475905.1,478259.6893595497
2012-02-10,16,473766.97,578950.7143815042
2012-02-17,16,494069.49,489891.13431285846
2012-02-24,16,495720.3,496005.4531165601
2012-03-02,16,464189.09,522062.03297803807
2012-03-09,16,495951.66,483490.8145822483
2012-03-16,16,520850.71,516317.83266623435
2012-03-23,16,493503.89,526666.0027133987
2012-03-30,16,485095.41,522950.3185682178
2012-04-06,16,502662.07,515018.6271030627
2012-04-13,16,450756.71,531416.7071836866
2012-04-20,16,436221.26,485541.93667018804
2012-04-27,16,398445.15,471556.2846786764
2012-05-04,16,426959.62,425238.59374016436
2012-05-11,16,479855.0,438290.7457186053
2012-05-18,16,493506.47,483511.84792330465
2012-05-25,16,518045.09,485512.060344377
2012-06-01,16,532311.93,539083.6257093685
2012-06-08,16,603618.89,537118.9385212216
2012-06-15,16,570045.79,551034.0924169418
2012-06-22,16,581745.72,556574.8607363336
2012-06-29,16,570162.28,582966.4755593928
2012-07-06,16,641763.53,598177.4823949037
2012-07-13,16,569005.06,636152.5495924816
2012-07-20,16,565297.54,595639.6678344243
2012-07-27,16,539337.87,590830.2403611519
2012-08-03,16,584000.71,583085.1011222648
2012-08-10,16,554036.84,573884.3347070107
2012-08-17,16,521896.6,564816.8099631248
2012-08-24,16,551152.15,533991.2310573925
2012-08-31,16,551837.31,561081.1935014272
2012-09-07,16,537138.58,582615.6672691569
2012-09-14,16,526525.16,536368.7552762262
2012-09-21,16,509942.56,530504.6229099483
2012-09-28,16,469607.73,529701.7365406953
2012-10-05,16,471281.68,500748.4385195386
2012-10-12,16,491817.19,498461.04913718125
2012-10-19,16,577198.97,514233.2413983887
2012-10-26,16,475770.14,556422.8579815204
2012-01-06,17,1198104.22,852123.4675014456
2012-01-13,17,873576.96,1238521.9748029716
2012-01-20,17,809272.65,897322.6141143063
2012-01-27,17,769522.33,854961.3162697435
2012-02-03,17,864852.85,808388.8668681654
2012-02-10,17,880165.7,1030275.0471716395
2012-02-17,17,927084.65,864077.0847657823
2012-02-24,17,843864.43,896996.5783871247
2012-03-02,17,856178.47,896525.108176529
2012-03-09,17,860224.98,891660.7202778102
2012-03-16,17,853136.46,909876.607347571
2012-03-23,17,851762.28,870601.7304456044
2012-03-30,17,872469.03,881713.8514281069
2012-04-06,17,986922.62,886989.5173777782
2012-04-13,17,877055.32,924157.8849914185
2012-04-20,17,1119979.98,900232.4610232138
2012-04-27,17,925916.65,995134.1994226262
2012-05-04,17,930121.14,942672.6096462273
2012-05-11,17,944100.3,938530.6603665043
2012-05-18,17,968816.33,1010375.3219462084
2012-05-25,17,984881.59,957663.6602930697
2012-06-01,17,938914.28,993448.1317284758
2012-06-08,17,987990.24,962621.379142749
2012-06-15,17,964169.67,999836.9183141338
2012-06-22,17,981210.57,980941.1443345885
2012-06-29,17,982322.24,990146.2083878278
2012-07-06,17,1046782.52,998287.5074103837
2012-07-13,17,960746.04,1001109.7076781573
2012-07-20,17,944698.7,982910.7360927023
2012-07-27,17,907493.24,974312.3203159872
2012-08-03,17,877813.33,928336.6875677416
2012-08-10,17,849074.04,915878.3908320783
2012-08-17,17,844928.17,901974.1198253253
2012-08-24,17,924299.78,890126.102527578
2012-08-31,17,865924.2,906775.0241815068
2012-09-07,17,1255633.29,1100009.632068233
2012-09-14,17,1071040.22,957908.5743906343
2012-09-21,17,938303.28,1019915.7861705568
2012-09-28,17,972716.24,970271.2072860693
2012-10-05,17,952609.17,1079726.701952313
2012-10-12,17,919878.34,1002497.4149443293
2012-10-19,17,957356.84,922908.8046641117
2012-10-26,17,943465.29,976617.8890055693
2012-01-06,18,977286.07,1056143.457676583
2012-01-13,18,890130.25,973486.874479048
2012-01-20,18,937522.77,947642.9617864175
2012-01-27,18,825584.22,960628.1306865473
2012-02-03,18,1049772.04,882344.0868458443
2012-02-10,18,1161615.51,1086893.3414287455
2012-02-17,18,1115985.81,976524.2567784339
2012-02-24,18,1037861.11,1034725.8711997666
2012-03-02,18,1047178.91,1081749.3921402255
2012-03-09,18,1084894.47,1085495.1369403407
2012-03-16,18,1022018.43,1080952.4085689865
2012-03-23,18,1031139.3,1036009.6767695177
2012-03-30,18,1009121.2,1049819.9537041709
2012-04-06,18,1200815.3,1077867.6575384254
2012-04-13,18,998443.5,1068081.20797649
2012-04-20,18,1025813.8,1073882.2054929796
2012-04-27,18,961186.23,1025693.2138757223
2012-05-04,18,1050027.89,1007669.1241714337
2012-05-11,18,1060433.1,1005421.6772283718
2012-05-18,18,1047444.59,1053789.2916714696
2012-05-25,18,1088446.58,1014159.4394780365
2012-06-01,18,1118313.7,1060252.7072214494
2012-06-08,18,1110479.94,1093922.6985246176
2012-06-15,18,1057425.83,1097900.0976016931
2012-06-22,18,1080357.89,1099301.656688277
2012-06-29,18,1097006.3,1101533.4303891277
2012-07-06,18,1158247.31,1094416.5636514015
2012-07-13,18,1024784.92,1114656.5991535091
2012-07-20,18,1033543.56,1064000.243770923
2012-07-27,18,924506.26,1068132.9343437247
2012-08-03,18,1052066.58,946951.40164199
2012-08-10,18,967304.07,1023977.6970693294
2012-08-17,18,1048134.24,987778.5584286095
2012-08-24,18,1145840.91,1005959.7362255559
2012-08-31,18,1117097.23,1038013.7182217438
2012-09-07,18,1083521.24,1082274.3701438608
2012-09-14,18,960476.1,1095299.0481764807
2012-09-21,18,971386.65,1004308.1973404181
2012-09-28,18,1002856.2,1011466.8870035601
2012-10-05,18,1092204.79,1013722.9207779546
2012-10-12,18,1074079.0,1006089.2920364337
2012-10-19,18,1048706.75,1025931.4469854557
2012-10-26,18,1127516.25,1020312.7040038896
2012-01-06,19,1266570.4,1432570.6635770155
2012-01-13,19,1182198.7,1232643.3806770255
2012-01-20,19,1237104.73,1234372.5215348876
2012-01-27,19,1279623.26,1308423.3418828861
2012-02-03,19,1345311.65,1289317.8273552572
2012-02-10,19,1499496.67,1517441.8286836133
2012-02-17,19,1424720.27,1369231.9185443413
2012-02-24,19,1352470.09,1436023.314006657
2012-03-02,19,1308977.05,1432833.2578658252
2012-03-09,19,1358816.46,1416673.1533078405
2012-03-16,19,1312849.1,1384700.6014123124
2012-03-23,19,1342254.55,1350220.695860897
2012-03-30,19,1327139.35,1352034.7428796468
2012-04-06,19,1631737.68,1366658.4257364462
2012-04-13,19,1365098.46,1440962.3405976207
2012-04-20,19,1255087.26,1395256.9924367764
2012-04-27,19,1285897.24,1317067.4835141997
2012-05-04,19,1405007.44,1345335.3959179171
2012-05-11,19,1442873.22,1365001.1787987552
2012-05-18,19,1366937.1,1361708.49431362
2012-05-25,19,1485540.28,1377379.1206515082
2012-06-01,19,1450733.29,1453670.152996656
2012-06-08,19,1390122.11,1462910.1372509853
2012-06-15,19,1440263.15,1408665.5071408101
2012-06-22,19,1468350.36,1458069.9321198857
2012-06-29,19,1379652.65,1462114.8985361543
2012-07-06,19,1557120.44,1395956.8913109943
2012-07-13,19,1321741.35,1486767.6621038017
2012-07-20,19,1317672.92,1393929.268866107
2012-07-27,19,1248915.43,1376165.938582993
2012-08-03,19,1342123.78,1319814.0464192466
2012-08-10,19,1408907.89,1336065.9914506138
2012-08-17,19,1375101.26,1356630.3890947143
2012-08-24,19,1544653.37,1343282.2946771674
2012-08-31,19,1542719.87,1429649.3711032504
2012-09-07,19,1497073.82,1604412.264838065
2012-09-14,19,1370653.41,1473678.521965408
2012-09-21,19,1338572.29,1408404.9470583766
2012-09-28,19,1338299.02,1417200.6229370304
2012-10-05,19,1408016.1,1381559.6026832666
2012-10-12,19,1352809.5,1403275.7609457206
2012-10-19,19,1321102.35,1369075.43999842
2012-10-26,19,1322117.96,1359324.5537652704
2012-01-06,20,1964701.94,2411651.9685325995
2012-01-13,20,1911510.64,2358462.2191429134
2012-01-20,20,1892775.94,2073164.3851997065
2012-01-27,20,1761016.51,2008783.6461427116
2012-02-03,20,2203523.2,2029108.09901785
2012-02-10,20,2462978.28,2276336.8176544188
2012-02-17,20,2309025.16,2111829.550759533
2012-02-24,20,2045837.55,2121089.0565310917
2012-03-02,20,2148822.76,2233010.1047110553
2012-03-09,20,2139265.4,2304665.7838005195
2012-03-16,20,2064991.71,2125116.343474083
2012-03-23,20,1992436.96,2052113.7027876854
2012-03-30,20,2074721.74,2046491.9803508169
2012-04-06,20,2565259.92,2066771.4833854488
2012-04-13,20,2045396.06,2237913.720384607
2012-04-20,20,1884427.84,2223933.102844218
2012-04-27,20,1886503.93,2011448.4651711304
2012-05-04,20,2163510.89,2008637.175783809
2012-05-11,20,2168097.11,2040279.1874726517
2012-05-18,20,2039222.26,2035421.1046074075
2012-05-25,20,2114989.0,2025671.7652344445
2012-06-01,20,2143126.59,2092645.1787126604
2012-06-08,20,2231962.13,2085624.5332611406
2012-06-15,20,2165160.29,2131560.7564014094
2012-06-22,20,2060588.69,2150883.47618696
2012-06-29,20,2055952.61,2105100.942905434
2012-07-06,20,2358055.3,2119683.1160967513
2012-07-13,20,2134680.12,2169795.0466764034
2012-07-20,20,1970170.29,2165035.882283035
2012-07-27,20,1911559.1,2109916.8914555083
2012-08-03,20,2094515.71,2017690.451258146
2012-08-10,20,2144245.39,2035854.97665417
2012-08-17,20,2045061.22,2024191.112007446
2012-08-24,20,2005341.43,2019972.4051931817
2012-08-31,20,2062481.56,2028102.2702686386
2012-09-07,20,2080529.06,2073364.3412416773
2012-09-14,20,2047949.98,2035016.5615718893
2012-09-21,20,2028587.24,2030512.7598960898
2012-09-28,20,2008350.58,2026601.4557034185
2012-10-05,20,2246411.89,2024418.307093877
2012-10-12,20,2162951.36,2120041.799657734
2012-10-19,20,1999363.49,2060672.5339004493
2012-10-26,20,2031650.55,2042680.2669690442
2012-01-06,21,640181.86,969880.2662178051
2012-01-13,21,631181.25,670794.5736736605
2012-01-20,21,651178.2,660422.5681183126
2012-01-27,21,611258.71,688823.2216837433
2012-02-03,21,680725.43,637178.1757294849
2012-02-10,21,770652.79,690871.1478851631
2012-02-17,21,834663.52,808308.0729437679
2012-02-24,21,747099.07,747452.7917852694
2012-03-02,21,764385.4,818232.5218784196
2012-03-09,21,755084.4,833870.9768759192
2012-03-16,21,767338.32,835461.5521542247
2012-03-23,21,729759.97,831427.6022132522
2012-03-30,21,724798.76,820867.2615640123
2012-04-06,21,761956.58,807769.4510875392
2012-04-13,21,769319.04,825058.3052107802
2012-04-20,21,734858.91,822860.7823785904
2012-04-27,21,674829.58,817816.4932998461
2012-05-04,21,697645.32,754662.6313257471
2012-05-11,21,649945.54,794834.6045074768
2012-05-18,21,700554.16,743454.347342149
2012-05-25,21,722891.24,763882.2102700428
2012-06-01,21,695439.83,768002.0191450448
2012-06-08,21,707895.72,761413.8527440358
2012-06-15,21,727049.04,767597.8812961428
2012-06-22,21,735870.0,777652.1846460779
2012-06-29,21,716341.39,785601.6803066335
2012-07-06,21,693013.59,774069.9752917823
2012-07-13,21,668132.36,809163.7936982804
2012-07-20,21,691200.33,757611.7503613691
2012-07-27,21,677789.14,802242.4500931657
2012-08-03,21,693785.85,776543.8016605999
2012-08-10,21,700272.01,794425.0771347113
2012-08-17,21,751963.81,779632.8309918722
2012-08-24,21,802003.61,768533.1250116802
2012-08-31,21,763867.59,804827.3563523086
2012-09-07,21,642827.29,899884.641018072
2012-09-14,21,628494.63,712931.2886860339
2012-09-21,21,667151.46,688297.729412619
2012-09-28,21,647097.65,758027.8869087402
2012-10-05,21,651768.91,692168.6871804913
2012-10-12,21,653043.44,715568.3014406849
2012-10-19,21,641368.14,753692.6698043486
2012-10-26,21,675202.87,698450.9894080344
2012-01-06,22,895358.2,1045912.7390279798
2012-01-13,22,855437.57,884695.3953561451
2012-01-20,22,897027.44,938732.0540683061
2012-01-27,22,786459.23,932647.9124247235
2012-02-03,22,958487.75,855562.6872767813
2012-02-10,22,1034448.07,1072723.2124093305
2012-02-17,22,1004749.41,974573.8149718298
2012-02-24,22,912958.95,984744.1228851901
2012-03-02,22,974866.65,951110.2932205211
2012-03-09,22,991127.01,1021472.2941016391
2012-03-16,22,966780.01,1007924.692747876
2012-03-23,22,992774.4,989315.2592548304
2012-03-30,22,965769.93,1016255.459393532
2012-04-06,22,1197489.66,1008113.9840625249
2012-04-13,22,939118.24,998600.2665230478
2012-04-20,22,1000342.87,996295.1370905959
2012-04-27,22,922539.94,1014767.193760047
2012-05-04,22,1005083.31,957116.782425532
2012-05-11,22,997868.63,1004810.9810952957
2012-05-18,22,986612.02,1010263.258913201
2012-05-25,22,1047297.38,1005572.1381161741
2012-06-01,22,1102857.37,1001355.7501563439
2012-06-08,22,1061134.37,1027515.2532126798
2012-06-15,22,1061219.19,1037666.9519447878
2012-06-22,22,1112449.3,1083754.2010822
2012-06-29,22,1053881.78,1115770.5779825521
2012-07-06,22,1097786.14,1077739.7392468397
2012-07-13,22,971361.38,1094923.0758564156
2012-07-20,22,991969.37,1036233.8500943175
2012-07-27,22,925731.21,1023125.8891633947
2012-08-03,22,1007257.83,958873.0944678143
2012-08-10,22,973812.79,1005196.658190986
2012-08-17,22,981273.26,1009270.2776394547
2012-08-24,22,1060906.75,1010332.809042697
2012-08-31,22,1022270.86,1002654.8375341885
2012-09-07,22,996628.8,1023486.2998207796
2012-09-14,22,918049.28,1007479.6318322687
2012-09-21,22,921612.53,950129.765757673
2012-09-28,22,976479.51,950843.6036294149
2012-10-05,22,1009887.36,1004263.9329357225
2012-10-12,22,1004039.84,1000834.2606720029
2012-10-19,22,978027.95,1006766.6204410561
2012-10-26,22,1094422.69,1006444.7222791648
2012-01-06,23,1150662.55,1265896.2407303567
2012-01-13,23,1031451.35,1187443.2285749994
2012-01-20,23,1146992.13,1142975.353908455
2012-01-27,23,1037476.38,1207902.3469033625
2012-02-03,23,1261872.67,1109165.5901769325
2012-02-10,23,1358444.07,1255193.8583145256
2012-02-17,23,1365546.69,1284303.095246014
2012-02-24,23,1272948.27,1323941.0185611502
2012-03-02,23,1322852.2,1313611.45727675
2012-03-09,23,1292724.9,1352284.6517453426
2012-03-16,23,1258364.31,1314335.7811268445
2012-03-23,23,1288154.1,1315727.8813386925
2012-03-30,23,1261964.96,1334520.1403310657
2012-04-06,23,1604605.69,1399105.1782968966
2012-04-13,23,1231752.54,1363600.8809193277
2012-04-20,23,1287899.41,1417644.2376532864
2012-04-27,23,1277758.76,1338147.9831370688
2012-05-04,23,1317379.68,1352951.0688180903
2012-05-11,23,1321914.34,1315101.0359654117
2012-05-18,23,1332952.47,1331629.4941809596
2012-05-25,23,1552934.64,1333286.9895518913
2012-06-01,23,1476144.34,1444955.517178607
2012-06-08,23,1568048.54,1457459.9738929626
2012-06-15,23,1543667.68,1497505.7001475897
2012-06-22,23,1522042.57,1525928.346168549
2012-06-29,23,1451782.16,1558713.1929899815
2012-07-06,23,1545370.16,1529116.3197414991
2012-07-13,23,1384921.63,1506523.5741763613
2012-07-20,23,1381339.23,1444870.5877728742
2012-07-27,23,1322932.36,1440951.0816288088
2012-08-03,23,1416926.31,1407771.5748622823
2012-08-10,23,1436311.76,1407014.6637589557
2012-08-17,23,1510131.45,1442861.8093463036
2012-08-24,23,1702220.96,1469649.1287928117
2012-08-31,23,1577468.78,1494051.051013849
2012-09-07,23,1427162.26,1620917.6537389364
2012-09-14,23,1279041.64,1485233.0980311846
2012-09-21,23,1338627.55,1337567.0364429213
2012-09-28,23,1319035.06,1423262.2561016558
2012-10-05,23,1464616.59,1358807.2936719037
2012-10-12,23,1412925.25,1373742.567140967
2012-10-19,23,1363155.77,1416291.5452876722
2012-10-26,23,1347454.59,1413798.1893750154
2012-01-06,24,1251581.89,1464441.734496039
2012-01-13,24,1155594.2,1297015.8926436452
2012-01-20,24,1151993.85,1163363.1457516975
2012-01-27,24,1057290.41,1243179.6633127653
2012-02-03,24,1249696.97,1165756.5809341331
2012-02-10,24,1403460.87,1349267.045715299
2012-02-17,24,1326370.08,1283984.4301202826
2012-02-24,24,1303233.15,1294993.1868355554
2012-03-02,24,1213994.39,1326995.8948260222
2012-03-09,24,1325835.7,1327010.664750495
2012-03-16,24,1239299.12,1325642.14839553
2012-03-23,24,1221723.94,1300945.8807663377
2012-03-30,24,1230106.13,1256847.2309148365
2012-04-06,24,1524734.29,1301474.929157657
2012-04-13,24,1285783.87,1324972.0817494788
2012-04-20,24,1208654.4,1319162.8206871736
2012-04-27,24,1194334.65,1285215.4784877677
2012-05-04,24,1306551.71,1347306.117090811
2012-05-11,24,1355391.79,1305816.3070621418
2012-05-18,24,1298809.8,1263309.5300530125
2012-05-25,24,1407897.57,1264317.3021185289
2012-06-01,24,1467722.19,1355307.2387728735
2012-06-08,24,1406313.13,1424738.545432373
2012-06-15,24,1364445.98,1395352.3050323566
2012-06-22,24,1434709.63,1387900.854520106
2012-06-29,24,1428869.9,1433224.0874907032
2012-07-06,24,1645097.75,1408025.80120812
2012-07-13,24,1405475.78,1524102.166666377
2012-07-20,24,1394299.0,1421834.717578222
2012-07-27,24,1307339.14,1413214.0451049819
2012-08-03,24,1440374.13,1409679.6748630472
2012-08-10,24,1497054.81,1422337.556173218
2012-08-17,24,1397970.54,1423143.1739458782
2012-08-24,24,1303726.54,1394509.816103817
2012-08-31,24,1344558.92,1368350.1392192822
2012-09-07,24,1477134.75,1568281.0339368389
2012-09-14,24,1242909.53,1418852.2791089013
2012-09-21,24,1261158.47,1323160.2469793796
2012-09-28,24,1259278.36,1319610.683825508
2012-10-05,24,1416720.54,1327568.3623694927
2012-10-12,24,1416301.17,1324775.1745972093
2012-10-19,24,1255414.84,1355797.1499355512
2012-10-26,24,1307182.29,1320007.5747786276
2012-01-06,25,636419.12,780950.2422328559
2012-01-13,25,614764.31,722785.1259723079
2012-01-20,25,594744.89,684304.9948035129
2012-01-27,25,589554.29,660650.4664246627
2012-02-03,25,642776.4,651477.4717269945
2012-02-10,25,658984.38,731077.3244787373
2012-02-17,25,654088.02,720096.2088772875
2012-02-24,25,613501.05,708378.1009890159
2012-03-02,25,643155.89,682533.3870803837
2012-03-09,25,643711.53,733257.6398419971
2012-03-16,25,638204.27,726503.5785697282
2012-03-23,25,672831.78,661002.2280700491
2012-03-30,25,684348.92,721046.721480359
2012-04-06,25,791356.9,687185.2884987679
2012-04-13,25,658691.56,725375.5519847935
2012-04-20,25,661566.48,668882.0579425113
2012-04-27,25,655157.32,670952.6983564592
2012-05-04,25,696421.72,675663.6426428732
2012-05-11,25,739866.16,702375.0412245351
2012-05-18,25,717207.19,728467.7610499365
2012-05-25,25,783371.02,719705.5902267908
2012-06-01,25,694765.95,766903.8214441926
2012-06-08,25,730254.19,710722.497918149
2012-06-15,25,753860.89,742032.3608461954
2012-06-22,25,721601.9,757175.137182959
2012-06-29,25,718890.81,738701.3686237042
2012-07-06,25,753385.55,729567.9301593968
2012-07-13,25,714093.95,750914.5038844713
2012-07-20,25,685676.58,730414.4184658352
2012-07-27,25,659109.53,697316.4634998876
2012-08-03,25,709724.6,670146.4499185254
2012-08-10,25,710496.97,721191.5482501753
2012-08-17,25,728467.72,725006.8357081934
2012-08-24,25,756527.64,733624.1370481715
2012-08-31,25,714828.73,744342.4585200304
2012-09-07,25,671482.9,859891.4836101533
2012-09-14,25,657241.63,671099.8289848336
2012-09-21,25,664745.2,668528.5200097477
2012-09-28,25,683300.84,671610.7383575476
2012-10-05,25,699536.73,687713.2101842432
2012-10-12,25,697317.41,738182.537599908
2012-10-19,25,685531.85,701729.6850647595
2012-10-26,25,688940.94,696723.7334243164
2012-01-06,26,971557.62,995409.7097707358
2012-01-13,26,836305.65,995952.0237686529
2012-01-20,26,838751.5,851784.2753606993
2012-01-27,26,820059.89,911934.8775978913
2012-02-03,26,939158.25,896811.459819694
2012-02-10,26,1081005.64,1092754.4863171685
2012-02-17,26,965788.76,982625.8603729971
2012-02-24,26,917924.47,990829.2498596208
2012-03-02,26,955641.74,952816.0149710838
2012-03-09,26,1028569.01,1003237.95983918
2012-03-16,26,919503.4,1006558.1895865616
2012-03-23,26,874790.68,948546.703731215
2012-03-30,26,922018.43,946445.2911008163
2012-04-06,26,1116829.23,950328.7873423122
2012-04-13,26,889670.29,1018001.9363879717
2012-04-20,26,923600.02,937897.9585693957
2012-04-27,26,911969.0,954569.651886145
2012-05-04,26,946573.29,959710.8601466526
2012-05-11,26,1062548.73,950592.3134589584
2012-05-18,26,978082.84,1002519.7139911067
2012-05-25,26,1067310.74,1000952.9622134062
2012-06-01,26,1015853.03,1000639.367580342
2012-06-08,26,1106176.83,1061397.9902063934
2012-06-15,26,1029248.22,1044828.123085926
2012-06-22,26,1056282.91,1081775.0255892233
2012-06-29,26,1051190.44,1045240.3418090637
2012-07-06,26,1180470.8,1137732.143758962
2012-07-13,26,1063149.78,1114827.1687989063
2012-07-20,26,1049625.9,1148435.1696886017
2012-07-27,26,1031745.14,1104870.348248569
2012-08-03,26,1090915.09,1100730.992257128
2012-08-10,26,1121476.51,1071797.7553667529
2012-08-17,26,1068292.56,1087789.1741451342
2012-08-24,26,1022704.2,1087385.7311293078
2012-08-31,26,1053495.51,1079327.398800264
2012-09-07,26,1081874.03,1244587.5543573555
2012-09-14,26,986131.94,1073972.282482824
2012-09-21,26,961084.08,1028259.1181349872
2012-09-28,26,964726.37,991718.8920333859
2012-10-05,26,1095504.26,992115.7673182782
2012-10-12,26,1044639.69,1011423.9110598852
2012-10-19,26,975578.02,1010946.4390654906
2012-10-26,26,958619.8,1004560.5152615202
2012-01-06,27,1535287.4,1757964.6423938775
2012-01-13,27,1492399.13,1650061.40763759
2012-01-20,27,1542131.05,1627483.0258833254
2012-01-27,27,1263534.86,1597242.4519122378
2012-02-03,27,1564246.02,1341958.8961678587
2012-02-10,27,1651605.35,1676087.6701471806
2012-02-17,27,1606221.56,1561488.3269470443
2012-02-24,27,1648602.39,1526458.0570177957
2012-03-02,27,1509323.09,1677692.861805675
2012-03-09,27,1607343.41,1669154.5328727344
2012-03-16,27,1635984.07,1661426.857080372
2012-03-23,27,1620839.34,1658301.3355152616
2012-03-30,27,1615494.14,1651823.2588067218
2012-04-06,27,1899013.34,1658181.6257735523
2012-04-13,27,1650405.21,1698166.2905866113
2012-04-20,27,1639999.47,1856113.984281208
2012-04-27,27,1565498.84,1710177.6264152091
2012-05-04,27,1669388.45,1687746.6626661392
2012-05-11,27,1674306.31,1668754.0946129337
2012-05-18,27,1707158.82,1676839.282644518
2012-05-25,27,1818906.73,1693270.8491274042
2012-06-01,27,1900638.6,1744521.0808130063
2012-06-08,27,1764756.31,1815213.083454374
2012-06-15,27,1773500.56,1807573.8790572204
2012-06-22,27,1837884.79,1831592.5082115459
2012-06-29,27,1842555.32,1860355.5936162146
2012-07-06,27,2062224.92,1864893.3540311158
2012-07-13,27,1755889.53,1906108.0997483365
2012-07-20,27,1730913.66,1778524.0104110383
2012-07-27,27,1625883.71,1766953.2364592194
2012-08-03,27,1705810.84,1705814.3563047028
2012-08-10,27,1720537.26,1743874.8242897647
2012-08-17,27,1735339.59,1738328.9163369208
2012-08-24,27,1780443.36,1713726.3423120966
2012-08-31,27,1731935.43,1790890.8163962532
2012-09-07,27,1840955.23,1926777.5548032173
2012-09-14,27,1519604.5,1833485.8464636453
2012-09-21,27,1557485.75,1670494.8970426577
2012-09-28,27,1540687.63,1676054.4839186976
2012-10-05,27,1591816.88,1695416.6858934492
2012-10-12,27,1660081.29,1550283.7216809127
2012-10-19,27,1620374.24,1640758.4284278646
2012-10-26,27,1703047.74,1653736.2267705982
2012-01-06,28,1466046.07,1330964.9112881233
2012-01-13,28,1161190.29,1494226.4147925386
2012-01-20,28,1129540.48,1207875.3542315003
2012-01-27,28,1132948.48,1260418.911884285
2012-02-03,28,1531599.44,1323410.8479343518
2012-02-10,28,1572966.15,1252577.6740015978
2012-02-17,28,1501503.68,1358868.6072223305
2012-02-24,28,1323487.91,1425553.2669770175
2012-03-02,28,1451740.57,1447003.1086263424
2012-03-09,28,1680764.06,1476555.228195049
2012-03-16,28,1337875.49,1479974.8708254867
2012-03-23,28,1216059.41,1427839.2134781557
2012-03-30,28,1209524.11,1292595.3560110584
2012-04-06,28,1559592.79,1334510.0328011676
2012-04-13,28,1290684.95,1373794.4756311246
2012-04-20,28,1180797.2,1278621.2872478708
2012-04-27,28,1170456.16,1238344.41776325
2012-05-04,28,1450628.85,1341989.1128903988
2012-05-11,28,1264575.18,1319886.1682882898
2012-05-18,28,1213310.45,1250904.261018199
2012-05-25,28,1151214.41,1249166.1399471802
2012-06-01,28,1245480.95,1296360.2584899245
2012-06-08,28,1440687.69,1310690.0586128554
2012-06-15,28,1229760.97,1260538.6663247522
2012-06-22,28,1180671.55,1246787.4298241285
2012-06-29,28,1129031.98,1285618.337207718
2012-07-06,28,1500863.54,1323536.8891210877
2012-07-13,28,1179915.04,1280745.286671313
2012-07-20,28,1149427.48,1196761.675840755
2012-07-27,28,1135035.09,1198634.919888741
2012-08-03,28,1376520.1,1338316.7935503246
2012-08-10,28,1269113.41,1244522.4643935277
2012-08-17,28,1184198.41,1238066.7824236234
2012-08-24,28,1199309.59,1213576.317797897
2012-08-31,28,1227118.75,1314201.3610388667
2012-09-07,28,1469693.99,1433399.3262403808
2012-09-14,28,1124660.77,1257991.825611962
2012-09-21,28,1135340.19,1203969.6516951916
2012-09-28,28,1129508.61,1208773.2266210509
2012-10-05,28,1462941.03,1303260.813590953
2012-10-12,28,1205536.71,1240467.3875552746
2012-10-19,28,1143724.48,1227357.1265705216
2012-10-26,28,1213860.61,1203197.1909376404
2012-01-06,29,469773.85,557303.9188541083
2012-01-13,29,444756.37,477891.2434519458
2012-01-20,29,446863.31,474791.3285101684
2012-01-27,29,395987.24,478366.21968734026
2012-02-03,29,493159.35,420824.961050859
2012-02-10,29,545840.05,486546.78805593913
2012-02-17,29,559606.91,539647.6468686956
2012-02-24,29,488782.63,549019.5929868696
2012-03-02,29,500801.72,511182.4604020622
2012-03-09,29,504750.35,518079.1968011988
2012-03-16,29,489293.72,531747.4038336368
2012-03-23,29,517408.48,512552.791695662
2012-03-30,29,504566.28,547386.0946544027
2012-04-06,29,633826.55,535540.623162996
2012-04-13,29,520493.83,548090.8270993937
2012-04-20,29,525200.59,525959.9551460968
2012-04-27,29,497250.22,526162.5014775493
2012-05-04,29,504963.84,528723.4332038625
2012-05-11,29,529707.87,518095.853127872
2012-05-18,29,543706.04,531537.0876411329
2012-05-25,29,549665.67,532170.1054849993
2012-06-01,29,576252.35,531626.4481598014
2012-06-08,29,554093.15,553613.2283044182
2012-06-15,29,552338.76,553682.5020905037
2012-06-22,29,581854.5,553167.6308041493
2012-06-29,29,555954.13,570730.8944894435
2012-07-06,29,578832.41,552806.4505004572
2012-07-13,29,514709.76,562035.4732152692
2012-07-20,29,506705.36,525179.4983975061
2012-07-27,29,475158.24,519173.3826615853
2012-08-03,29,504754.74,503645.33891330403
2012-08-10,29,518628.42,518939.88769716973
2012-08-17,29,416881.66,520135.69150850206
2012-08-24,29,615026.15,474192.9527005357
2012-08-31,29,545844.91,534515.9382332285
2012-09-07,29,540811.85,549095.0735839594
2012-09-14,29,475127.18,536308.9098444356
2012-09-21,29,489079.23,515437.275910398
2012-09-28,29,489674.23,508494.19034164393
2012-10-05,29,520632.8,509346.5305690209
2012-10-12,29,513737.0,534806.3778211296
2012-10-19,29,516909.24,531815.1340861231
2012-10-26,29,534970.68,527217.2383335088
2012-01-06,30,457030.86,411489.47081458167
2012-01-13,30,447023.91,438942.2194356487
2012-01-20,30,438760.62,445004.32642360457
2012-01-27,30,433037.66,441577.4905085269
2012-02-03,30,434080.74,438874.2205008148
2012-02-10,30,451365.99,433300.85262189625
2012-02-17,30,435109.11,436339.18494848436
2012-02-24,30,425215.71,431324.600602061
2012-03-02,30,438640.61,436087.6496358735
2012-03-09,30,446617.89,444414.76944888727
2012-03-16,30,413617.45,445171.0324285908
2012-03-23,30,430222.97,438191.2152077921
2012-03-30,30,449603.91,443462.17345224833
2012-04-06,30,461511.92,450616.34460318333
2012-04-13,30,428784.7,441868.2984113398
2012-04-20,30,462909.41,439425.878864218
2012-04-27,30,433744.83,451160.15127998026
2012-05-04,30,454477.54,445529.6529254134
2012-05-11,30,436070.45,440997.2593631572
2012-05-18,30,460945.14,443459.19619585964
2012-05-25,30,449355.91,441049.31732768094
2012-06-01,30,427021.18,447336.03748827596
2012-06-08,30,437222.94,442718.6016871969
2012-06-15,30,438523.24,447117.573498437
2012-06-22,30,428554.63,447080.76891044027
2012-06-29,30,423192.4,441984.5654670912
2012-07-06,30,440553.42,448061.15553690976
2012-07-13,30,417640.34,450342.10916305165
2012-07-20,30,427491.04,441616.9878584303
2012-07-27,30,424581.17,443010.1021612495
2012-08-03,30,425136.55,445594.7008448921
2012-08-10,30,430878.28,437801.93903430994
2012-08-17,30,423351.15,444494.89754798135
2012-08-24,30,425296.65,472508.87016728846
2012-08-31,30,439132.5,471212.1581329631
2012-09-07,30,433565.77,465686.0078339044
2012-09-14,30,437773.31,466967.41788242996
2012-09-21,30,443891.64,465986.9186889228
2012-09-28,30,425410.04,456616.3732737825
2012-10-05,30,446751.45,471252.6934258896
2012-10-12,30,434593.26,460179.3294585951
2012-10-19,30,437537.29,468773.5079446523
2012-10-26,30,439424.5,466231.6564190279
2012-01-06,31,1401232.52,1455415.0135669222
2012-01-13,31,1377485.12,1524561.6654161473
2012-01-20,31,1372504.9,1492595.7108744085
2012-01-27,31,1259941.48,1406664.1392533255
2012-02-03,31,1391479.91,1310811.8811157006
2012-02-10,31,1527688.58,1587710.0958295146
2012-02-17,31,1570813.52,1529488.2137626878
2012-02-24,31,1392543.37,1553663.5105073985
2012-03-02,31,1427881.22,1473403.3936677023
2012-03-09,31,1439034.86,1510808.1168433055
2012-03-16,31,1481728.13,1553159.1348450885
2012-03-23,31,1365824.97,1525904.39359304
2012-03-30,31,1318854.22,1426155.6565693421
2012-04-06,31,1496169.81,1405096.5982433816
2012-04-13,31,1407842.91,1504768.188630199
2012-04-20,31,1407036.59,1429016.9683903358
2012-04-27,31,1311352.25,1436164.9642738146
2012-05-04,31,1391257.28,1409667.9286896505
2012-05-11,31,1392938.06,1422261.6288543802
2012-05-18,31,1441473.82,1419067.5799386047
2012-05-25,31,1397094.26,1467638.5133225513
2012-06-01,31,1404516.29,1430349.0252873877
2012-06-08,31,1443285.79,1431962.418711652
2012-06-15,31,1431003.43,1496426.3233800805
2012-06-22,31,1394065.76,1454689.9571406806
2012-06-29,31,1349202.25,1445875.8050271117
2012-07-06,31,1458059.42,1411607.1056675126
2012-07-13,31,1374301.34,1502048.2370591727
2012-07-20,31,1392395.2,1417263.8690387348
2012-07-27,31,1303732.36,1430738.45242436
2012-08-03,31,1390174.63,1397066.7876393944
2012-08-10,31,1386472.59,1424229.2866465917
2012-08-17,31,1410181.7,1425034.5664417136
2012-08-24,31,1379783.21,1436156.0062810073
2012-08-31,31,1373651.49,1444706.618055252
2012-09-07,31,1358111.62,1586781.7942314022
2012-09-14,31,1327705.44,1434793.5040188988
2012-09-21,31,1373064.87,1413590.259434042
2012-09-28,31,1279080.58,1394920.780285449
2012-10-05,31,1363365.05,1333469.2515735608
2012-10-12,31,1401113.42,1375103.4059386852
2012-10-19,31,1378730.45,1392384.2086677733
2012-10-26,31,1340232.55,1383475.7798687594
2012-01-06,32,1099937.25,1169730.1222589933
2012-01-13,32,1071598.36,1118967.4662719583
2012-01-20,32,1080012.04,1152692.633606324
2012-01-27,32,1051864.6,1115827.111084079
2012-02-03,32,1156826.31,1107024.1345033352
2012-02-10,32,1129422.86,1237527.6245404112
2012-02-17,32,1243812.59,1160226.9655541608
2012-02-24,32,1091822.72,1243803.0691955136
2012-03-02,32,1153332.89,1204191.025576859
2012-03-09,32,1124537.97,1213324.631921689
2012-03-16,32,1138101.18,1208568.7024507574
2012-03-23,32,1146632.46,1152444.6067390942
2012-03-30,32,1108686.87,1163946.3692421936
2012-04-06,32,1270577.01,1131524.5627539922
2012-04-13,32,1171834.47,1238619.9782664399
2012-04-20,32,1121405.91,1224960.1571894411
2012-04-27,32,1126962.44,1210878.4093010847
2012-05-04,32,1187384.53,1241671.5395023664
2012-05-11,32,1187051.07,1197047.8450693698
2012-05-18,32,1177539.71,1209426.6583094003
2012-05-25,32,1232784.22,1201255.38262008
2012-06-01,32,1157557.79,1251863.620033823
2012-06-08,32,1246322.44,1217084.2435854997
2012-06-15,32,1234759.54,1244589.2591730736
2012-06-22,32,1196880.11,1271714.3846147375
2012-06-29,32,1178211.81,1226806.92522175
2012-07-06,32,1214183.97,1249805.8049624867
2012-07-13,32,1141184.66,1261910.3887285755
2012-07-20,32,1167829.33,1205110.1916037456
2012-07-27,32,1144901.52,1211883.1973945848
2012-08-03,32,1183571.35,1198810.5232951874
2012-08-10,32,1227469.2,1200773.8431569461
2012-08-17,32,1261306.37,1235622.4799902646
2012-08-24,32,1272809.11,1249107.495093362
2012-08-31,32,1183979.27,1249384.0218990773
2012-09-07,32,1126685.95,1363624.9797583702
2012-09-14,32,1156377.47,1236620.996373151
2012-09-21,32,1159119.6,1229767.3241919314
2012-09-28,32,1157111.15,1194302.0392984475
2012-10-05,32,1202775.24,1192006.469611847
2012-10-12,32,1176681.31,1241486.292995293
2012-10-19,32,1199292.06,1202822.4481708012
2012-10-26,32,1219979.29,1241477.9579053347
2012-01-06,33,267058.08,262065.12583511247
2012-01-13,33,279447.22,263319.14526247507
2012-01-20,33,244899.2,258770.65930400204
2012-01-27,33,236920.49,245830.35204372634
2012-02-03,33,256091.32,261159.07343530652
2012-02-10,33,282552.58,272062.27263825026
2012-02-17,33,266300.98,251511.76811625474
2012-02-24,33,242526.7,248019.2497539906
2012-03-02,33,248051.53,246810.81591842932
2012-03-09,33,287346.29,269567.25003071653
2012-03-16,33,278067.73,265926.3357448714
2012-03-23,33,246970.97,253609.74941862305
2012-03-30,33,251327.67,239984.3808390199
2012-04-06,33,275911.97,271261.146950002
2012-04-13,33,312698.67,271971.8123379905
2012-04-20,33,261837.2,281681.5708940234
2012-04-27,33,249798.75,280993.1185110755
2012-05-04,33,270497.51,290984.52938798675
2012-05-11,33,295841.84,291537.85114074516
2012-05-18,33,276899.95,274039.63972138404
2012-05-25,33,261851.74,282586.52356916346
2012-06-01,33,261131.09,289610.8633829217
2012-06-08,33,286082.76,286298.21442892775
2012-06-15,33,290444.31,294739.44784323283
2012-06-22,33,261666.29,284588.9336849219
2012-06-29,33,244338.31,280635.06735298125
2012-07-06,33,273690.37,273774.7310981072
2012-07-13,33,287033.64,275741.073530063
2012-07-20,33,253205.89,260723.20113673224
2012-07-27,33,249134.32,235896.0942682463
2012-08-03,33,258533.12,269259.8979683211
2012-08-10,33,297753.49,270328.9051040506
2012-08-17,33,270097.76,250573.92622405145
2012-08-24,33,247672.56,260615.9579191543
2012-08-31,33,237129.81,263209.45212691085
2012-09-07,33,286428.78,270900.317973041
2012-09-14,33,277417.53,270119.131202767
2012-09-21,33,252709.58,257271.82328693024
2012-09-28,33,242813.51,233032.15747031238
2012-10-05,33,265444.9,270498.44655200763
2012-10-12,33,291781.15,274897.37906598643
2012-10-19,33,254412.34,259000.5183073619
2012-10-26,33,253731.13,243061.41992463186
2012-01-06,34,953844.85,963800.0047057235
2012-01-13,34,913755.12,928274.5064021003
2012-01-20,34,910899.05,898206.2405144505
2012-01-27,34,872450.37,937413.7828969056
2012-02-03,34,939367.14,930294.6704690458
2012-02-10,34,1047658.09,1209044.5836610838
2012-02-17,34,1123446.51,980104.0451225303
2012-02-24,34,950154.24,1009126.587824323
2012-03-02,34,990263.7,987246.7236951417
2012-03-09,34,976393.43,1035332.4405453758
2012-03-16,34,999298.43,1009426.2672454843
2012-03-23,34,945143.33,1005573.6017481072
2012-03-30,34,938861.77,981376.6168984958
2012-04-06,34,1091020.37,966004.4388994729
2012-04-13,34,987353.65,1005932.8647875184
2012-04-20,34,977628.78,1000717.391090425
2012-04-27,34,940299.87,996245.71468298
2012-05-04,34,991104.4,975252.7969461472
2012-05-11,34,949625.52,1002782.643677842
2012-05-18,34,998672.85,979608.1353459113
2012-05-25,34,1015737.61,993930.2013190729
2012-06-01,34,977062.44,1001586.7460749552
2012-06-08,34,999511.29,994890.4638764987
2012-06-15,34,982345.51,1001964.4395674833
2012-06-22,34,1000285.1,999117.7678439425
2012-06-29,34,942970.63,999922.0986311499
2012-07-06,34,1007867.68,974082.3527291828
2012-07-13,34,954677.75,1000956.9437694714
2012-07-20,34,950929.59,988632.9910445786
2012-07-27,34,917883.79,975951.9184132892
2012-08-03,34,973250.41,927697.8791693997
2012-08-10,34,1004523.59,967590.7465540975
2012-08-17,34,1013820.86,995197.1945043908
2012-08-24,34,926250.21,997616.9383306734
2012-08-31,34,933487.71,943107.6898287785
2012-09-07,34,976415.56,1006960.6444080026
2012-09-14,34,955211.7,993531.3587046883
2012-09-21,34,943047.78,963203.5274549095
2012-09-28,34,928629.31,966337.8059189246
2012-10-05,34,968896.68,933053.3086596377
2012-10-12,34,948613.39,965517.6420577654
2012-10-19,34,963516.28,964606.5914278522
2012-10-26,34,956987.81,977112.7169559104
2012-01-06,35,671708.09,881883.7081263753
2012-01-13,35,625135.11,757463.9953755003
2012-01-20,35,669850.04,703441.6759970128
2012-01-27,35,588722.99,671915.5299694755
2012-02-03,35,746901.03,614527.6795536072
2012-02-10,35,849779.14,761877.4922871061
2012-02-17,35,824568.39,810036.2025130381
2012-02-24,35,805028.74,776257.8550763924
2012-03-02,35,766571.1,796664.5826959818
2012-03-09,35,796351.35,797092.8688334539
2012-03-16,35,793045.82,792895.0471180495
2012-03-23,35,760671.1,795593.8543561376
2012-03-30,35,744525.69,777276.6594928108
2012-04-06,35,860293.46,771968.5136588087
2012-04-13,35,788633.42,812226.7351246205
2012-04-20,35,794660.24,796514.3465332572
2012-04-27,35,721212.45,788263.0871525323
2012-05-04,35,772036.6,914749.7728187374
2012-05-11,35,802383.63,777899.6822299826
2012-05-18,35,819196.68,785428.2135061395
2012-05-25,35,822167.17,799361.9815704535
2012-06-01,35,932195.52,799904.7510767728
2012-06-08,35,873415.01,837657.1748923794
2012-06-15,35,848289.41,863196.6653591795
2012-06-22,35,911696.0,868532.5806268047
2012-06-29,35,892133.41,910502.3001372018
2012-07-06,35,985479.64,883353.9957487556
2012-07-13,35,825763.48,956725.8191998197
2012-07-20,35,841224.74,868181.3749037224
2012-07-27,35,808030.15,889482.5762503598
2012-08-03,35,866216.36,838842.0574198463
2012-08-10,35,888368.8,825922.4254757714
2012-08-17,35,887979.47,855327.702585173
2012-08-24,35,895274.72,870020.887898626
2012-08-31,35,931278.97,899348.0433532983
2012-09-07,35,984833.35,994953.2499402146
2012-09-14,35,821568.64,966687.591347688
2012-09-21,35,772302.94,868939.2848262123
2012-09-28,35,814099.86,845180.366374418
2012-10-05,35,866064.4,829829.7420257749
2012-10-12,35,873643.14,829239.6220268612
2012-10-19,35,829284.67,831766.9584980028
2012-10-26,35,865137.6,830053.5820231101
2012-01-06,36,329467.82,307880.2842514154
2012-01-13,36,325976.34,349789.8745253672
2012-01-20,36,330927.21,321708.23051552585
2012-01-27,36,301444.94,311187.1334837952
2012-02-03,36,310982.87,353090.2805328861
2012-02-10,36,335741.9,378433.2974530839
2012-02-17,36,326316.73,387111.9046153341
2012-02-24,36,313270.45,365923.3343020351
2012-03-02,36,315396.72,384955.9753087186
2012-03-09,36,318674.93,391004.99451342365
2012-03-16,36,335345.82,373343.4697612349
2012-03-23,36,317872.51,402876.42724611406
2012-03-30,36,304144.9,386250.42711371055
2012-04-06,36,331026.11,371146.3860929169
2012-04-13,36,339407.94,389913.5555721812
2012-04-20,36,323915.32,383833.4655425682
2012-04-27,36,308389.82,382668.1034056816
2012-05-04,36,312467.52,389544.5223865025
2012-05-11,36,330518.34,399045.1169019982
2012-05-18,36,324801.13,371577.5029456799
2012-05-25,36,306098.17,369150.00846505037
2012-06-01,36,306005.53,370461.186211097
2012-06-08,36,338273.38,377433.24617519235
2012-06-15,36,333146.88,368562.4313767569
2012-06-22,36,306411.01,402418.55268894514
2012-06-29,36,291530.43,404014.4449069526
2012-07-06,36,306578.89,369137.9426390409
2012-07-13,36,298337.41,380787.43051165127
2012-07-20,36,303289.55,369763.8274324555
2012-07-27,36,279643.43,365013.4150830042
2012-08-03,36,304989.97,360745.9556270587
2012-08-10,36,298947.51,361984.8279709149
2012-08-17,36,314607.22,362466.90944731154
2012-08-24,36,282545.55,365481.4673126827
2012-08-31,36,282647.48,363520.1966573186
2012-09-07,36,293728.57,366558.1854107412
2012-09-14,36,301893.63,365899.92632343114
2012-09-21,36,293804.45,359994.60998964816
2012-09-28,36,270677.98,360238.88896318036
2012-10-05,36,277137.86,359053.2510848795
2012-10-12,36,300236.85,360867.269664739
2012-10-19,36,287360.05,361870.47523314593
2012-10-26,36,272489.41,351966.2287504766
2012-01-06,37,558343.57,503685.62939717644
2012-01-13,37,546221.4,550572.1218211711
2012-01-20,37,543894.07,555587.086309786
2012-01-27,37,514116.58,535936.0980981153
2012-02-03,37,555424.24,527371.7341642185
2012-02-10,37,527041.46,547617.3685461758
2012-02-17,37,541071.29,528036.3094629055
2012-02-24,37,518696.89,535052.1520824058
2012-03-02,37,525559.17,527121.5482659934
2012-03-09,37,535937.25,527928.908516065
2012-03-16,37,484588.34,525822.7526954154
2012-03-23,37,520887.23,509510.43343492004
2012-03-30,37,533734.94,528762.7488078445
2012-04-06,37,564848.78,523465.83228198864
2012-04-13,37,506973.17,535114.8532039229
2012-04-20,37,523483.19,523290.7065972994
2012-04-27,37,528807.45,522944.1538944514
2012-05-04,37,535311.64,523961.107059941
2012-05-11,37,527983.04,523014.8380572911
2012-05-18,37,534847.96,524335.2321561967
2012-05-25,37,540625.79,525465.420137726
2012-06-01,37,531811.85,539021.8328578438
2012-06-08,37,528940.78,523328.2865061784
2012-06-15,37,508573.16,521968.09033553535
2012-06-22,37,484032.75,519866.67662023014
2012-06-29,37,508309.81,505468.8041690744
2012-07-06,37,519498.32,518737.65423784987
2012-07-13,37,506005.47,519572.89053862065
2012-07-20,37,503744.56,512961.16965703195
2012-07-27,37,514489.17,513906.4597861488
2012-08-03,37,521959.28,520513.8819265835
2012-08-10,37,500964.59,518737.72338402877
2012-08-17,37,509633.71,512834.9013898041
2012-08-24,37,522665.04,520767.17066073767
2012-08-31,37,538344.1,521694.73317769833
2012-09-07,37,526838.14,548352.1056870428
2012-09-14,37,514651.74,522594.22708461044
2012-09-21,37,521320.98,523430.78761080006
2012-09-28,37,527953.14,524234.1138900133
2012-10-05,37,546122.37,533977.1398672904
2012-10-12,37,521810.75,559811.9235090972
2012-10-19,37,551969.1,539614.5300501643
2012-10-26,37,534738.43,578242.6061506392
2012-01-06,38,478483.2,406123.6524853497
2012-01-13,38,423260.82,429673.25582672417
2012-01-20,38,405215.91,410788.8038614804
2012-01-27,38,412882.31,408510.14591202507
2012-02-03,38,457711.68,431359.3608461983
2012-02-10,38,469787.38,455003.7516109337
2012-02-17,38,415513.97,465232.5350475587
2012-02-24,38,409411.61,430654.5357324639
2012-03-02,38,471115.38,436706.1874015637
2012-03-09,38,452792.53,460949.3675097873
2012-03-16,38,428465.11,449161.61074169434
2012-03-23,38,412456.48,431761.8027663832
2012-03-30,38,408679.36,435353.90681153757
2012-04-06,38,499267.66,433900.6382009472
2012-04-13,38,435790.74,479287.6765374636
2012-04-20,38,401615.8,433719.64602417446
2012-04-27,38,419964.77,428217.896723091
2012-05-04,38,491755.69,434212.42179240956
2012-05-11,38,429914.6,465499.3808275584
2012-05-18,38,412314.71,441717.514996255
2012-05-25,38,422810.12,432010.4812581236
2012-06-01,38,435579.7,435240.67095276364
2012-06-08,38,448110.25,434839.65615348174
2012-06-15,38,430222.07,448229.06766841817
2012-06-22,38,405938.35,433131.5157994804
2012-06-29,38,404634.36,431625.4071509268
2012-07-06,38,471086.22,412428.230006992
2012-07-13,38,416036.75,460789.348553582
2012-07-20,38,441683.74,428116.6497595158
2012-07-27,38,407186.47,461470.2959148253
2012-08-03,38,469311.17,429719.0518601898
2012-08-10,38,436690.13,453051.4454010126
2012-08-17,38,411866.46,441176.57223872247
2012-08-24,38,397428.22,435699.7358250057
2012-08-31,38,424904.95,426309.905269991
2012-09-07,38,490274.82,408722.7897297221
2012-09-14,38,430944.39,462244.85070363886
2012-09-21,38,409600.98,441382.8770030692
2012-09-28,38,398468.08,435120.44933587505
2012-10-05,38,458479.01,425155.08463261055
2012-10-12,38,437320.66,449271.054249155
2012-10-19,38,428806.46,435224.1275346444
2012-10-26,38,417290.38,448047.98387455376
2012-01-06,39,1478537.93,1691269.1529178547
2012-01-13,39,1369125.37,1526655.3572743004
2012-01-20,39,1394841.03,1404284.0482844894
2012-01-27,39,1320301.61,1460655.7175247886
2012-02-03,39,1396150.15,1382703.6827179485
2012-02-10,39,1442988.44,1723555.2119646268
2012-02-17,39,1511041.69,1458190.3284981132
2012-02-24,39,1412065.04,1479363.339888541
2012-03-02,39,1453047.02,1439455.7140921822
2012-03-09,39,1470764.35,1507998.8592000213
2012-03-16,39,1522421.07,1539917.8901092717
2012-03-23,39,1469593.37,1583419.2594682637
2012-03-30,39,1499727.02,1543548.84070343
2012-04-06,39,1764847.94,1595951.5550689008
2012-04-13,39,1580732.73,1595935.5744247648
2012-04-20,39,1433391.04,1666962.718431446
2012-04-27,39,1456997.2,1585155.7743382733
2012-05-04,39,1512227.34,1625472.6909395277
2012-05-11,39,1470792.41,1583750.559851431
2012-05-18,39,1522978.54,1537649.586026582
2012-05-25,39,1596036.66,1580787.0007440082
2012-06-01,39,1640476.77,1603040.3814964297
2012-06-08,39,1623442.24,1650978.9366300125
2012-06-15,39,1587499.82,1662427.036752478
2012-06-22,39,1532316.79,1666755.3179020202
2012-06-29,39,1492388.98,1652483.0759109813
2012-07-06,39,1659221.99,1601289.0207271671
2012-07-13,39,1471261.76,1655507.2518233813
2012-07-20,39,1582168.27,1586196.7825032833
2012-07-27,39,1487797.54,1612681.2033147768
2012-08-03,39,1608277.74,1592909.997035526
2012-08-10,39,1641867.92,1656718.9223869694
2012-08-17,39,1720221.91,1678502.0973037714
2012-08-24,39,1724669.75,1687134.658418055
2012-08-31,39,1710923.94,1693321.8996239046
2012-09-07,39,1609811.75,1804566.419065241
2012-09-14,39,1447614.08,1719705.7749746174
2012-09-21,39,1555672.51,1572550.257724859
2012-09-28,39,1495607.07,1656229.8198511025
2012-10-05,39,1574408.67,1582055.3054002407
2012-10-12,39,1494417.07,1599406.545854308
2012-10-19,39,1577486.33,1581803.8667816457
2012-10-26,39,1569502.0,1618253.8080328023
2012-01-06,40,954576.86,863811.6584654035
2012-01-13,40,780607.52,906602.8889784786
2012-01-20,40,811365.42,830870.4282480495
2012-01-27,40,770157.29,901092.367894161
2012-02-03,40,979552.34,876470.6193216369
2012-02-10,40,999785.48,987763.7727901463
2012-02-17,40,975500.87,954177.2960900788
2012-02-24,40,919301.81,972059.4721127274
2012-03-02,40,927732.02,959719.4753058052
2012-03-09,40,954233.87,969334.5203423578
2012-03-16,40,891154.18,960479.6737630015
2012-03-23,40,844490.86,939132.9735684742
2012-03-30,40,871945.64,929054.9933857007
2012-04-06,40,1132064.23,921918.5829570391
2012-04-13,40,857811.17,976787.2169008381
2012-04-20,40,896979.93,930071.5128162238
2012-04-27,40,875372.91,956057.9801079321
2012-05-04,40,993311.59,955397.2260372016
2012-05-11,40,967729.35,937711.1947141018
2012-05-18,40,896295.41,955415.8617247338
2012-05-25,40,991054.49,938438.5775672692
2012-06-01,40,1037464.27,997173.9970256828
2012-06-08,40,1079386.88,1002205.229432395
2012-06-15,40,977950.28,1003563.5486828024
2012-06-22,40,1033552.18,1003599.4645022601
2012-06-29,40,988764.84,1047707.1352373788
2012-07-06,40,1182901.56,1047696.1774127735
2012-07-13,40,979848.71,1031453.9668234107
2012-07-20,40,968502.38,1051107.4231944433
2012-07-27,40,954396.85,1006734.4432910022
2012-08-03,40,1068346.76,1008971.5364844297
2012-08-10,40,1007906.43,1001327.8142143643
2012-08-17,40,969387.48,998162.0455836584
2012-08-24,40,945318.47,989932.8483587761
2012-08-31,40,987264.67,981790.1420682158
2012-09-07,40,1088248.4,1015663.7062984722
2012-09-14,40,901709.82,1001128.5456984489
2012-09-21,40,899768.4,957978.6948566196
2012-09-28,40,919595.44,960784.1421881861
2012-10-05,40,1069112.0,969157.7761798858
2012-10-12,40,982523.26,970765.2908778414
2012-10-19,40,918170.5,1004513.1022821659
2012-10-26,40,921264.52,954643.7318617796
2012-01-06,41,1208191.61,1277933.7100729067
2012-01-13,41,1134767.28,1265083.487429697
2012-01-20,41,1116295.24,1146701.1604063236
2012-01-27,41,1079398.81,1241352.5292701833
2012-02-03,41,1208825.6,1174925.122875917
2012-02-10,41,1238844.56,1331013.6824597353
2012-02-17,41,1330451.46,1311400.3624697786
2012-02-24,41,1224915.66,1310797.6505616263
2012-03-02,41,1239813.26,1311099.5827513637
2012-03-09,41,1243814.77,1296354.8595027726
2012-03-16,41,1201511.62,1284994.9832886613
2012-03-23,41,1215354.38,1266502.6400348986
2012-03-30,41,1239423.19,1258979.8504708214
2012-04-06,41,1460234.31,1271633.2247851675
2012-04-13,41,1323004.73,1290217.8521810884
2012-04-20,41,1220815.33,1322839.9294430234
2012-04-27,41,1248950.65,1299761.099338897
2012-05-04,41,1359770.73,1318049.7664895032
2012-05-11,41,1353285.1,1339768.5189353449
2012-05-18,41,1331514.44,1288834.6118953044
2012-05-25,41,1424500.47,1340293.153779503
2012-06-01,41,1374891.36,1417666.9405203438
2012-06-08,41,1436383.84,1390738.6787131736
2012-06-15,41,1384584.59,1442741.9289946002
2012-06-22,41,1386407.17,1403981.2073670786
2012-06-29,41,1355600.01,1402685.785089356
2012-07-06,41,1456300.89,1383359.927005932
2012-07-13,41,1332594.07,1454911.562708578
2012-07-20,41,1347175.93,1377878.1437814862
2012-07-27,41,1344723.97,1379120.151073429
2012-08-03,41,1439607.35,1379037.6354451436
2012-08-10,41,1504545.94,1422445.6287798502
2012-08-17,41,1560590.05,1442963.8372213014
2012-08-24,41,1464462.85,1477456.109064163
2012-08-31,41,1360517.52,1469477.8954468272
2012-09-07,41,1392143.82,1533822.9047935135
2012-09-14,41,1306644.25,1447515.7249607635
2012-09-21,41,1276609.36,1379423.5581403088
2012-09-28,41,1307928.01,1310648.5580812802
2012-10-05,41,1400160.95,1347906.1097894353
2012-10-12,41,1409544.97,1365790.739033286
2012-10-19,41,1326197.24,1362852.6903824923
2012-10-26,41,1316542.59,1415757.1969828801
2012-01-06,42,636372.37,546994.075588719
2012-01-13,42,664348.2,603023.2159147527
2012-01-20,42,579499.93,608892.7474255085
2012-01-27,42,538978.67,572423.5677911708
2012-02-03,42,588448.21,581462.0864151785
2012-02-10,42,674919.45,646874.6373651664
2012-02-17,42,606671.5,629934.1174004095
2012-02-24,42,564304.15,617546.6063264287
2012-03-02,42,585895.34,594028.0938968989
2012-03-09,42,659816.15,593016.7452277759
2012-03-16,42,618767.26,627604.36549177
2012-03-23,42,561226.38,628254.2246433792
2012-03-30,42,544408.14,586891.1217336128
2012-04-06,42,652312.11,568874.32860247
2012-04-13,42,639123.45,631279.4240787054
2012-04-20,42,552529.23,616902.1820582773
2012-04-27,42,526625.49,572725.6154913792
2012-05-04,42,609274.89,564501.0464168699
2012-05-11,42,643603.69,614808.4079189294
2012-05-18,42,590636.38,599258.0369634428
2012-05-25,42,535764.58,582078.0082055551
2012-06-01,42,521953.78,575143.5399127546
2012-06-08,42,642671.48,576503.1515382415
2012-06-15,42,606309.13,599608.3132544929
2012-06-22,42,540031.29,576697.012055336
2012-06-29,42,507403.77,569547.4779763133
2012-07-06,42,618702.09,561971.1264257742
2012-07-13,42,628099.08,603464.5675198796
2012-07-20,42,530318.39,578909.9303169055
2012-07-27,42,516352.21,533765.96745768
2012-08-03,42,573084.71,574285.8706002944
2012-08-10,42,576620.31,587634.088414634
2012-08-17,42,575997.78,559077.0626345314
2012-08-24,42,535537.03,552011.4468271057
2012-08-31,42,504760.57,534275.9756495632
2012-09-07,42,617405.35,610091.7470421379
2012-09-14,42,586737.66,585376.3198466331
2012-09-21,42,527165.7,563417.4740888111
2012-09-28,42,505978.46,517472.50450095907
2012-10-05,42,593162.53,566180.6750492697
2012-10-12,42,612379.9,580641.2997909088
2012-10-19,42,541406.98,566767.0562831401
2012-10-26,42,514756.08,533173.762139323
2012-01-06,43,670993.01,530259.4376951633
2012-01-13,43,663529.64,638940.3809710867
2012-01-20,43,619225.65,642607.923482682
2012-01-27,43,587685.38,637302.4545957121
2012-02-03,43,629176.71,618141.5656553921
2012-02-10,43,662198.65,648746.1165184504
2012-02-17,43,660632.05,633644.3332237903
2012-02-24,43,613042.97,633747.0409734366
2012-03-02,43,693249.98,633066.2799423466
2012-03-09,43,636677.67,699846.3370507333
2012-03-16,43,661707.02,650723.0088754473
2012-03-23,43,610940.94,660413.2894968298
2012-03-30,43,623258.4,643987.4405853052
2012-04-06,43,658468.27,632082.6951796388
2012-04-13,43,665687.92,648644.3921322884
2012-04-20,43,638144.98,649141.7464916123
2012-04-27,43,593138.59,640455.1130876185
2012-05-04,43,637964.2,619624.294359693
2012-05-11,43,640159.04,634687.1402360183
2012-05-18,43,648541.81,633320.8839774105
2012-05-25,43,597406.39,633646.0907252254
2012-06-01,43,605078.62,633918.7591232547
2012-06-08,43,643032.51,621751.0903303191
2012-06-15,43,634815.1,635519.307965562
2012-06-22,43,613270.79,625804.5469319877
2012-06-29,43,593128.13,625780.7542259252
2012-07-06,43,645618.59,618299.1797172015
2012-07-13,43,627634.04,631473.2132919816
2012-07-20,43,596554.05,626927.6865517705
2012-07-27,43,572447.52,622069.0114669212
2012-08-03,43,614378.94,617775.9857099799
2012-08-10,43,643558.78,618917.9858407396
2012-08-17,43,640210.85,619659.5684906062
2012-08-24,43,598234.64,627641.9376094829
2012-08-31,43,593141.29,625464.5372981462
2012-09-07,43,663814.18,651837.4408522649
2012-09-14,43,625196.94,636277.6666715263
2012-09-21,43,601990.02,629662.3036550083
2012-09-28,43,577792.32,618393.8199691754
2012-10-05,43,642614.89,610863.4753152101
2012-10-12,43,619369.72,630646.9529974832
2012-10-19,43,623919.23,635463.3424500157
2012-10-26,43,587603.55,624556.2790908802
2012-01-06,44,325327.93,297967.32032202696
2012-01-13,44,312361.88,318588.67879833124
2012-01-20,44,316948.39,319835.10771390906
2012-01-27,44,308295.38,310424.72607441375
2012-02-03,44,325986.05,311177.7847751166
2012-02-10,44,325377.97,308552.5232446549
2012-02-17,44,320691.21,309098.4239848575
2012-02-24,44,315641.8,355248.2025278972
2012-03-02,44,316687.22,317812.1711090899
2012-03-09,44,303438.24,311690.9921933766
2012-03-16,44,331965.95,309254.2587679223
2012-03-23,44,296947.06,305434.73694209656
2012-03-30,44,310027.29,306345.60659827443
2012-04-06,44,320021.1,302690.4235563872
2012-04-13,44,311390.22,316015.1041948173
2012-04-20,44,323233.8,304126.4189241617
2012-04-27,44,330338.36,306034.357555224
2012-05-04,44,326053.28,326980.8950668377
2012-05-11,44,341381.08,318277.36853096215
2012-05-18,44,334042.43,329984.64210291556
2012-05-25,44,343268.29,332924.169262434
2012-06-01,44,323410.94,345050.18612907117
2012-06-08,44,340238.38,345026.52328714286
2012-06-15,44,338400.82,343645.77109545463
2012-06-22,44,336241.0,347927.50644048257
2012-06-29,44,338386.08,340469.63013799145
2012-07-06,44,358461.58,344847.423632569
2012-07-13,44,336479.49,347941.4885705173
2012-07-20,44,337819.16,344099.7549538938
2012-07-27,44,319855.26,343445.3452430841
2012-08-03,44,342385.38,349829.6914374747
2012-08-10,44,333594.81,344148.171585332
2012-08-17,44,327389.51,340459.19491156266
2012-08-24,44,337985.74,325946.3947098902
2012-08-31,44,339490.69,351681.0900645794
2012-09-07,44,338737.33,345292.76119594375
2012-09-14,44,347726.67,348808.44789830985
2012-09-21,44,336017.6,349677.3060296268
2012-09-28,44,355307.94,346649.51290823816
2012-10-05,44,337390.44,347783.3025725881
2012-10-12,44,337796.13,349473.0758448567
2012-10-19,44,323766.77,343732.96163706103
2012-10-26,44,361067.07,347444.6036123883
2012-01-06,45,714081.05,899675.8482877528
2012-01-13,45,676615.53,843138.6772377192
2012-01-20,45,700392.21,687501.1104161389
2012-01-27,45,624081.64,772994.2833663005
2012-02-03,45,757330.95,697137.4293234688
2012-02-10,45,803657.12,816969.4690575094
2012-02-17,45,858853.75,801962.6017314768
2012-02-24,45,753060.78,785877.2635659731
2012-03-02,45,782796.01,774877.1531746328
2012-03-09,45,776968.87,789201.9205314805
2012-03-16,45,788340.23,798682.6023137848
2012-03-23,45,791835.37,782764.0601781899
2012-03-30,45,777254.06,786988.8551256119
2012-04-06,45,899479.43,787080.3276062119
2012-04-13,45,781970.6,825802.1282527825
2012-04-20,45,776661.74,797686.8517550104
2012-04-27,45,711571.88,784406.6696431362
2012-05-04,45,782300.68,769817.5962473803
2012-05-11,45,770487.37,772148.101927659
2012-05-18,45,800842.28,770069.5379101622
2012-05-25,45,817741.17,783657.1759893731
2012-06-01,45,837144.63,792791.8525144513
2012-06-08,45,795133.0,800832.7150706165
2012-06-15,45,821498.18,797100.2553296941
2012-06-22,45,822569.16,811963.6303645051
2012-06-29,45,773367.71,814518.6220617373
2012-07-06,45,843361.1,780312.2883583345
2012-07-13,45,749817.08,817086.2799965874
2012-07-20,45,737613.65,762030.0462784851
2012-07-27,45,711671.58,755109.1378981082
2012-08-03,45,725729.51,763949.2983639363
2012-08-10,45,733037.32,735069.7386486231
2012-08-17,45,722496.93,740080.7354535073
2012-08-24,45,718232.26,732343.5122608208
2012-08-31,45,734297.87,731267.6786311914
2012-09-07,45,766512.66,825917.138436754
2012-09-14,45,702238.27,753724.8665628848
2012-09-21,45,723086.2,731427.1927897902
2012-09-28,45,713173.95,735718.7370573262
2012-10-05,45,733455.07,734173.8333653867
2012-10-12,45,734464.36,736002.5286503044
2012-10-19,45,718125.53,740733.604273094
2012-10-26,45,760281.43,737021.6638128883
